1,https://mnemonikon.ru/images/Demo_ok/000-099/001.jpg,001 - МаНЖет
2,https://mnemonikon.ru/images/Demo_ok/000-099/002.jpg,002 - МоНеТа
3,https://mnemonikon.ru/images/Demo_ok/000-099/003.jpg,003 - МоНоКль
4,https://mnemonikon.ru/images/Demo_ok/000-099/004.jpg,004 - НуНЧаки
5,https://mnemonikon.ru/images/Demo_ok/000-099/005.jpg,005 - МеМБрана
6,https://mnemonikon.ru/images/Demo_ok/000-099/006.jpg,006 - МаНиШка
7,https://mnemonikon.ru/images/Demo_ok/000-099/007.jpg,007 - аНаНаС
8,https://mnemonikon.ru/images/Demo_ok/000-099/008.jpg,008 - НиМФа
9,https://mnemonikon.ru/images/Demo_ok/000-099/009.jpg,009 - НаМоРдник
10,https://mnemonikon.ru/images/Demo_ok/000-099/010.jpg,010 - НоЖНицы
11,https://mnemonikon.ru/images/Demo_ok/000-099/011.jpg,011 - Маленький оЖоГ
12,https://mnemonikon.ru/images/Demo_ok/000-099/012.jpg,012 - НоГТи
13,https://mnemonikon.ru/images/Demo_ok/000-099/013.jpg,013 - НоЖиК
14,https://mnemonikon.ru/images/Demo_ok/000-099/014.jpg,014 - Маленькая ЖуЧка
15,https://mnemonikon.ru/images/Demo_ok/000-099/015.jpg,015 - Маленький ГоБой
16,https://mnemonikon.ru/images/Demo_ok/000-099/016.jpg,016 - аНГеЛ
17,https://mnemonikon.ru/images/Demo_ok/000-099/017.jpg,017 - МаГиСтраль
18,https://mnemonikon.ru/images/Demo_ok/000-099/018.jpg,018 - НоЖоВка
19,https://mnemonikon.ru/images/Demo_ok/000-099/019.jpg,019 - аНГаР
20,https://mnemonikon.ru/images/Demo_ok/000-099/020.jpg,020 - МаяТНик
21,https://mnemonikon.ru/images/Demo_ok/000-099/021.jpg,021 - иНТеГрал
22,https://mnemonikon.ru/images/Demo_ok/000-099/022.jpg,022 - МеДиаТор
23,https://mnemonikon.ru/images/Demo_ok/000-099/023.jpg,023 - иНДиКатор
24,https://mnemonikon.ru/images/Demo_ok/000-099/024.jpg,024 - НиТоЧка
25,https://mnemonikon.ru/images/Demo_ok/000-099/025.jpg,025 - МоТоБлок
26,https://mnemonikon.ru/images/Demo_ok/000-099/026.jpg,026 - МеТЛа
27,https://mnemonikon.ru/images/Demo_ok/000-099/027.jpg,027 - уНиТаЗ
28,https://mnemonikon.ru/images/Demo_ok/000-099/028.jpg,028 - НаДФиль
29,https://mnemonikon.ru/images/Demo_ok/000-099/029.jpg,029 - МеТРо
30,https://mnemonikon.ru/images/Demo_ok/000-099/030.jpg,030 - МуХоМор
31,https://mnemonikon.ru/images/Demo_ok/000-099/031.jpg,031 - Майка КоЖаная
32,https://mnemonikon.ru/images/Demo_ok/000-099/032.jpg,032 - МаКеТ
33,https://mnemonikon.ru/images/Demo_ok/000-099/033.jpg,033 - МаКаКа
34,https://mnemonikon.ru/images/Demo_ok/000-099/034.jpg,034 - Навозная КуЧа
35,https://mnemonikon.ru/images/Demo_ok/000-099/035.jpg,035 - иНКуБатор
36,https://mnemonikon.ru/images/Demo_ok/000-099/036.jpg,036 - МуХоЛовка
37,https://mnemonikon.ru/images/Demo_ok/000-099/037.jpg,037 - МаКСим
38,https://mnemonikon.ru/images/Demo_ok/000-099/038.jpg,038 - МаХоВик
39,https://mnemonikon.ru/images/Demo_ok/000-099/039.jpg,039 - МиКРофон
40,https://mnemonikon.ru/images/Demo_ok/000-099/040.jpg,040 - НоЧНик
41,https://mnemonikon.ru/images/Demo_ok/000-099/041.jpg,041 - Маленький ЧиЖ
42,https://mnemonikon.ru/images/Demo_ok/000-099/042.jpg,042 - МеЧеТь
43,https://mnemonikon.ru/images/Demo_ok/000-099/043.jpg,043 - МяЧиК
44,https://mnemonikon.ru/images/Demo_ok/000-099/044.jpg,044 - Маленькая Чешуйчатая Щука
45,https://mnemonikon.ru/images/Demo_ok/000-099/045.jpg,045 - Набор ЩуПов
46,https://mnemonikon.ru/images/Demo_ok/000-099/046.jpg,046 - МоЧаЛка
47,https://mnemonikon.ru/images/Demo_ok/000-099/047.jpg,047 - НаЧеС
48,https://mnemonikon.ru/images/Demo_ok/000-099/048.jpg,048 - МяЧ Футбольный
49,https://mnemonikon.ru/images/Demo_ok/000-099/049.jpg,049 - Масть ЧеРви
50,https://mnemonikon.ru/images/Demo_ok/000-099/050.jpg,050 - Малиновый ПиоН
51,https://mnemonikon.ru/images/Demo_ok/000-099/051.jpg,051 - Много ПуГовиц
52,https://mnemonikon.ru/images/Demo_ok/000-099/052.jpg,052 - МоПеД
53,https://mnemonikon.ru/images/Demo_ok/000-099/053.jpg,053 - НаБойКи
54,https://mnemonikon.ru/images/Demo_ok/000-099/054.jpg,054 - Новая ПеЧь
55,https://mnemonikon.ru/images/Demo_ok/000-099/055.jpg,055 - Новая ПоБеда
56,https://mnemonikon.ru/images/Demo_ok/000-099/056.jpg,056 - аМПуЛа
57,https://mnemonikon.ru/images/Demo_ok/000-099/057.jpg,057 - НеБоСкреб
58,https://mnemonikon.ru/images/Demo_ok/000-099/058.jpg,058 - Натуральный БиФштекс
59,https://mnemonikon.ru/images/Demo_ok/000-099/059.jpg,059 - НаПеРсток
60,https://mnemonikon.ru/images/Demo_ok/000-099/060.jpg,060 - МеЛьНица
61,https://mnemonikon.ru/images/Demo_ok/000-099/061.jpg,061 - аНаЛьГин
62,https://mnemonikon.ru/images/Demo_ok/000-099/062.jpg,062 - МоЛоТок
63,https://mnemonikon.ru/images/Demo_ok/000-099/063.jpg,063 - МоЛоКо
64,https://mnemonikon.ru/images/Demo_ok/000-099/064.jpg,064 - НаЛиЧник
65,https://mnemonikon.ru/images/Demo_ok/000-099/065.jpg,065 - МоЛьБерт
66,https://mnemonikon.ru/images/Demo_ok/000-099/066.jpg,066 - МыШеЛовка
67,https://mnemonikon.ru/images/Demo_ok/000-099/067.jpg,067 - эМуЛьСия
68,https://mnemonikon.ru/images/Demo_ok/000-099/068.jpg,068 - НаШиВка
69,https://mnemonikon.ru/images/Demo_ok/000-099/069.jpg,069 - МыШЦа
70,https://mnemonikon.ru/images/Demo_ok/000-099/070.jpg,070 - НеЗНайка
71,https://mnemonikon.ru/images/Demo_ok/000-099/071.jpg,071 - МоЗГ
72,https://mnemonikon.ru/images/Demo_ok/000-099/072.jpg,072 - МоСТ
73,https://mnemonikon.ru/images/Demo_ok/000-099/073.jpg,073 - МаСКа
74,https://mnemonikon.ru/images/Demo_ok/000-099/074.jpg,074 - НоСоЧки
75,https://mnemonikon.ru/images/Demo_ok/000-099/075.jpg,075 - НеЗаБудка
76,https://mnemonikon.ru/images/Demo_ok/000-099/076.jpg,076 - НоСиЛки
77,https://mnemonikon.ru/images/Demo_ok/000-099/077.jpg,077 - НаСоС
78,https://mnemonikon.ru/images/Demo_ok/000-099/078.jpg,078 - НаЗВание
79,https://mnemonikon.ru/images/Demo_ok/000-099/079.jpg,079 - НоСоРог
80,https://mnemonikon.ru/images/Demo_ok/000-099/080.jpg,080 - Маленький ВиНтик
81,https://mnemonikon.ru/images/Demo_ok/000-099/081.jpg,081 - Набор ФуЖеров
82,https://mnemonikon.ru/images/Demo_ok/000-099/082.jpg,082 - НеВоД
83,https://mnemonikon.ru/images/Demo_ok/000-099/083.jpg,083 - Нейтральный ФиКсаж
84,https://mnemonikon.ru/images/Demo_ok/000-099/084.jpg,084 - дюйМоВоЧка
85,https://mnemonikon.ru/images/Demo_ok/000-099/085.jpg,085 - аМФиБия
86,https://mnemonikon.ru/images/Demo_ok/000-099/086.jpg,086 - НаВоЛочка
87,https://mnemonikon.ru/images/Demo_ok/000-099/087.jpg,087 - МаВЗолей
88,https://mnemonikon.ru/images/Demo_ok/000-099/088.jpg,088 - Новый ВэФ
89,https://mnemonikon.ru/images/Demo_ok/000-099/089.jpg,089 - аМФоРа
90,https://mnemonikon.ru/images/Demo_ok/000-099/090.jpg,090 - МаРМелад
91,https://mnemonikon.ru/images/Demo_ok/000-099/091.jpg,091 - МоРоЖеное
92,https://mnemonikon.ru/images/Demo_ok/000-099/092.jpg,092 - аМоРТизатор
93,https://mnemonikon.ru/images/Demo_ok/000-099/093.jpg,093 - МоРКовь
94,https://mnemonikon.ru/images/Demo_ok/000-099/094.jpg,094 - НаРуЧники
95,https://mnemonikon.ru/images/Demo_ok/000-099/095.jpg,095 - Медная ЦеПь
96,https://mnemonikon.ru/images/Demo_ok/000-099/096.jpg,096 - МаРЛя
97,https://mnemonikon.ru/images/Demo_ok/000-099/097.jpg,097 - МаРС
98,https://mnemonikon.ru/images/Demo_ok/000-099/098.jpg,098 - МуРаВей
99,https://mnemonikon.ru/images/Demo_ok/000-099/099.jpg,099 - НаРЦис
100,https://mnemonikon.ru/images/Demo_ok/000-099/100.jpg,100 - стол
101,https://mnemonikon.ru/images/Demo_ok/000-099/101.jpg,101 - ГоНГ
102,https://mnemonikon.ru/images/Demo_ok/000-099/102.jpg,102 - оГНеТушитель
103,https://mnemonikon.ru/images/Demo_ok/000-099/103.jpg,103 - ГаМаК
104,https://mnemonikon.ru/images/Demo_ok/000-099/104.jpg,104 - ЖеМЧуг
105,https://mnemonikon.ru/images/Demo_ok/000-099/105.jpg,105 - ГаМБургер
106,https://mnemonikon.ru/images/Demo_ok/000-099/106.jpg,106 - ЖеНьШень
107,https://mnemonikon.ru/images/Demo_ok/000-099/107.jpg,107 - ГНеЗдо
108,https://mnemonikon.ru/images/Demo_ok/000-099/108.jpg,108 - оГНиВо
109,https://mnemonikon.ru/images/Demo_ok/000-099/109.jpg,109 - ГеНеРатор
110,https://mnemonikon.ru/images/Demo_ok/000-099/110.jpg,110 - ГиГаНт
111,https://mnemonikon.ru/images/Demo_ok/000-099/111.jpg,111 - Голодная ГаГа
112,https://mnemonikon.ru/images/Demo_ok/000-099/112.jpg,112 - ЖГуТ
113,https://mnemonikon.ru/images/Demo_ok/000-099/113.jpg,113 - Голубая ГайКа
114,https://mnemonikon.ru/images/Demo_ok/000-099/114.jpg,114 - Желтая ГуЩа
115,https://mnemonikon.ru/images/Demo_ok/000-099/115.jpg,115 - Голубая Губная Помада
116,https://mnemonikon.ru/images/Demo_ok/000-099/116.jpg,116 - ЖиГуЛи
117,https://mnemonikon.ru/images/Demo_ok/000-099/117.jpg,117 - Глиняный ГуСь
118,https://mnemonikon.ru/images/Demo_ok/000-099/118.jpg,118 - Гнутые ГВозди
119,https://mnemonikon.ru/images/Demo_ok/000-099/119.jpg,119 - Голубые ГоРы
120,https://mnemonikon.ru/images/Demo_ok/000-099/120.jpg,120 - ЖеТоН
121,https://mnemonikon.ru/images/Demo_ok/000-099/121.jpg,121 - Железный ДоГ
122,https://mnemonikon.ru/images/Demo_ok/000-099/122.jpg,122 - Глиняная ДуДка
123,https://mnemonikon.ru/images/Demo_ok/000-099/123.jpg,123 - ГаДюКа
124,https://mnemonikon.ru/images/Demo_ok/000-099/124.jpg,124 - Жирная ТоЧка
125,https://mnemonikon.ru/images/Demo_ok/000-099/125.jpg,125 - оГромная ТуБа
126,https://mnemonikon.ru/images/Demo_ok/000-099/126.jpg,126 - ГаДаЛка
127,https://mnemonikon.ru/images/Demo_ok/000-099/127.jpg,127 - Гнутый ДиСк
128,https://mnemonikon.ru/images/Demo_ok/000-099/128.jpg,128 - Желтый ДиВан
129,https://mnemonikon.ru/images/Demo_ok/000-099/129.jpg,129 - ГиДРант
130,https://mnemonikon.ru/images/Demo_ok/000-099/130.jpg,130 - Голубое оКНо
131,https://mnemonikon.ru/images/Demo_ok/000-099/131.jpg,131 - Грубая КоЖа
132,https://mnemonikon.ru/images/Demo_ok/000-099/132.jpg,132 - ЖаКеТ
133,https://mnemonikon.ru/images/Demo_ok/000-099/133.jpg,133 - иГрушечный КоК
134,https://mnemonikon.ru/images/Demo_ok/000-099/134.jpg,134 - Гравийная КуЧа
135,https://mnemonikon.ru/images/Demo_ok/000-099/135.jpg,135 - Железный КаБлук
136,https://mnemonikon.ru/images/Demo_ok/000-099/136.jpg,136 - ЖиКЛер
137,https://mnemonikon.ru/images/Demo_ok/000-099/137.jpg,137 - ГазоноКоСилка
138,https://mnemonikon.ru/images/Demo_ok/000-099/138.jpg,138 - Голубой КоВрик
139,https://mnemonikon.ru/images/Demo_ok/000-099/139.jpg,139 - Географическая КаРта
140,https://mnemonikon.ru/images/Demo_ok/000-099/140.jpg,140 - Железный ЧаН
141,https://mnemonikon.ru/images/Demo_ok/000-099/141.jpg,141 - Жаропрочный ЧуГун
142,https://mnemonikon.ru/images/Demo_ok/000-099/142.jpg,142 - Железная ЩеТка
143,https://mnemonikon.ru/images/Demo_ok/000-099/143.jpg,143 - ЖуЧоК
144,https://mnemonikon.ru/images/Demo_ok/000-099/144.jpg,144 - Голубя ЧуЧело
145,https://mnemonikon.ru/images/Demo_ok/000-099/145.jpg,145 - Железный ЩуП
146,https://mnemonikon.ru/images/Demo_ok/000-099/146.jpg,146 - Железная ЧаШа
147,https://mnemonikon.ru/images/Demo_ok/000-099/147.jpg,147 - Говорящие ЧаСы
148,https://mnemonikon.ru/images/Demo_ok/000-099/148.jpg,148 - Желтый ЩаВель
149,https://mnemonikon.ru/images/Demo_ok/000-099/149.jpg,149 - Желтая ЧеРта
150,https://mnemonikon.ru/images/Demo_ok/000-099/150.jpg,150 - ГиПНоз
151,https://mnemonikon.ru/images/Demo_ok/000-099/151.jpg,151 - Желтая ПоГанка
152,https://mnemonikon.ru/images/Demo_ok/000-099/152.jpg,152 - Желтая ПоДушка
153,https://mnemonikon.ru/images/Demo_ok/000-099/153.jpg,153 - ГуБКа
154,https://mnemonikon.ru/images/Demo_ok/000-099/154.jpg,154 - ГуБаЧ
155,https://mnemonikon.ru/images/Demo_ok/000-099/155.jpg,155 - ГиППопотам
156,https://mnemonikon.ru/images/Demo_ok/000-099/156.jpg,156 - ГоБеЛен
157,https://mnemonikon.ru/images/Demo_ok/000-099/157.jpg,157 - ГиПС
158,https://mnemonikon.ru/images/Demo_ok/000-099/158.jpg,158 - Жигулевское ПиВо
159,https://mnemonikon.ru/images/Demo_ok/000-099/159.jpg,159 - ЖаБРы
160,https://mnemonikon.ru/images/Demo_ok/000-099/160.jpg,160 - ГЛяНцеватель
161,https://mnemonikon.ru/images/Demo_ok/000-099/161.jpg,161 - ГоЛоГрамма
162,https://mnemonikon.ru/images/Demo_ok/000-099/162.jpg,162 - ЖёЛуДь
163,https://mnemonikon.ru/images/Demo_ok/000-099/163.jpg,163 - ГаЛаКтика
164,https://mnemonikon.ru/images/Demo_ok/000-099/164.jpg,164 - ГаЛоЧка
165,https://mnemonikon.ru/images/Demo_ok/000-099/165.jpg,165 - ГЛоБус
166,https://mnemonikon.ru/images/Demo_ok/000-099/166.jpg,166 - ГЛуШитель
167,https://mnemonikon.ru/images/Demo_ok/000-099/167.jpg,167 - ГаЛСтук
168,https://mnemonikon.ru/images/Demo_ok/000-099/168.jpg,168 - ГоЛоВастик
169,https://mnemonikon.ru/images/Demo_ok/000-099/169.jpg,169 - ГаЛеРа
170,https://mnemonikon.ru/images/Demo_ok/000-099/170.jpg,170 - ГуСеНица
171,https://mnemonikon.ru/images/Demo_ok/000-099/171.jpg,171 - Грязная СаЖа
172,https://mnemonikon.ru/images/Demo_ok/000-099/172.jpg,172 - ГаЗеТа
173,https://mnemonikon.ru/images/Demo_ok/000-099/173.jpg,173 - ГаЗиК
174,https://mnemonikon.ru/images/Demo_ok/000-099/174.jpg,174 - Жук уСаЧ
175,https://mnemonikon.ru/images/Demo_ok/000-099/175.jpg,175 - ГаЗоПровод
176,https://mnemonikon.ru/images/Demo_ok/000-099/176.jpg,176 - ЖеЗЛ
177,https://mnemonikon.ru/images/Demo_ok/000-099/177.jpg,177 - одна (1) СоСалка
178,https://mnemonikon.ru/images/Demo_ok/000-099/178.jpg,178 - Железный СиФон
179,https://mnemonikon.ru/images/Demo_ok/000-099/179.jpg,179 - ГаЗиРовка
180,https://mnemonikon.ru/images/Demo_ok/000-099/180.jpg,180 - ГаВаНа
181,https://mnemonikon.ru/images/Demo_ok/000-099/181.jpg,181 - Голубой ФуЖер
182,https://mnemonikon.ru/images/Demo_ok/000-099/182.jpg,182 - ГоВяДина
183,https://mnemonikon.ru/images/Demo_ok/000-099/183.jpg,183 - Газовый ФаКел
184,https://mnemonikon.ru/images/Demo_ok/000-099/184.jpg,184 - ЖВаЧка
185,https://mnemonikon.ru/images/Demo_ok/000-099/185.jpg,185 - Глубинный ВиБратор
186,https://mnemonikon.ru/images/Demo_ok/000-099/186.jpg,186 - Железная ВиЛка
187,https://mnemonikon.ru/images/Demo_ok/000-099/187.jpg,187 - ГВоЗдодер
188,https://mnemonikon.ru/images/Demo_ok/000-099/188.jpg,188 - Глазированные ВаФли
189,https://mnemonikon.ru/images/Demo_ok/000-099/189.jpg,189 - ГВаРдеец
190,https://mnemonikon.ru/images/Demo_ok/000-099/190.jpg,190 - ГРаНата
191,https://mnemonikon.ru/images/Demo_ok/000-099/191.jpg,191 - ГаРаЖ
192,https://mnemonikon.ru/images/Demo_ok/000-099/192.jpg,192 - ГРаДусник
193,https://mnemonikon.ru/images/Demo_ok/000-099/193.jpg,193 - ГиРьКи
194,https://mnemonikon.ru/images/Demo_ok/000-099/194.jpg,194 - ГоРЧица
195,https://mnemonikon.ru/images/Demo_ok/000-099/195.jpg,195 - ГРиБ
196,https://mnemonikon.ru/images/Demo_ok/000-099/196.jpg,196 - ГРеЛка
197,https://mnemonikon.ru/images/Demo_ok/000-099/197.jpg,197 - оГРыЗок
198,https://mnemonikon.ru/images/Demo_ok/000-099/198.jpg,198 - ГРаФин
199,https://mnemonikon.ru/images/Demo_ok/000-099/199.jpg,199 - оГуРеЦ
200,https://mnemonikon.ru/images/Demo_ok/000-099/200.jpg,200 - ДиНаМик
201,https://mnemonikon.ru/images/Demo_ok/000-099/201.jpg,201 - ТоМаГавк
202,https://mnemonikon.ru/images/Demo_ok/000-099/202.jpg,202 - ТеНТ
203,https://mnemonikon.ru/images/Demo_ok/000-099/203.jpg,203 - ТаНК
204,https://mnemonikon.ru/images/Demo_ok/000-099/204.jpg,204 - ТяНуЧка
205,https://mnemonikon.ru/images/Demo_ok/000-099/205.jpg,205 - ТуМБлер
206,https://mnemonikon.ru/images/Demo_ok/000-099/206.jpg,206 - Толстый НоЛь
207,https://mnemonikon.ru/images/Demo_ok/000-099/207.jpg,207 - ДиНоЗавр
208,https://mnemonikon.ru/images/Demo_ok/000-099/208.jpg,208 - ДНеВник
209,https://mnemonikon.ru/images/Demo_ok/000-099/209.jpg,209 - ТоНаР
210,https://mnemonikon.ru/images/Demo_ok/000-099/210.jpg,210 - ДЖиНсы
211,https://mnemonikon.ru/images/Demo_ok/000-099/211.jpg,211 - Длинный ГаГарин
212,https://mnemonikon.ru/images/Demo_ok/000-099/212.jpg,212 - ДоЖДевик
213,https://mnemonikon.ru/images/Demo_ok/000-099/213.jpg,213 - ДЖаКузи
214,https://mnemonikon.ru/images/Demo_ok/000-099/214.jpg,214 - ТяГаЧ
215,https://mnemonikon.ru/images/Demo_ok/000-099/215.jpg,215 - ДЖиП
216,https://mnemonikon.ru/images/Demo_ok/000-099/216.jpg,216 - Два ГоЛубя
217,https://mnemonikon.ru/images/Demo_ok/000-099/217.jpg,217 - ДЖаЗ
218,https://mnemonikon.ru/images/Demo_ok/000-099/218.jpg,218 - ДоГоВор
219,https://mnemonikon.ru/images/Demo_ok/000-099/219.jpg,219 - эТаЖеРка
220,https://mnemonikon.ru/images/Demo_ok/000-099/220.jpg,220 - ДеД-Мороз
221,https://mnemonikon.ru/images/Demo_ok/000-099/221.jpg,221 - Два уТюГа
222,https://mnemonikon.ru/images/Demo_ok/000-099/222.jpg,222 - Два ДиоДа
223,https://mnemonikon.ru/images/Demo_ok/000-099/223.jpg,223 - Длинные ДуХи
224,https://mnemonikon.ru/images/Demo_ok/000-099/224.jpg,224 - ДуДоЧка
225,https://mnemonikon.ru/images/Demo_ok/000-099/225.jpg,225 - Два ТоПора
226,https://mnemonikon.ru/images/Demo_ok/000-099/226.jpg,226 - ДяТеЛ
227,https://mnemonikon.ru/images/Demo_ok/000-099/227.jpg,227 - аТТеСтат
228,https://mnemonikon.ru/images/Demo_ok/000-099/228.jpg,228 - Две уДаВки
229,https://mnemonikon.ru/images/Demo_ok/000-099/229.jpg,229 - ТеТРадь
230,https://mnemonikon.ru/images/Demo_ok/000-099/230.jpg,230 - ТаХоМетр
231,https://mnemonikon.ru/images/Demo_ok/000-099/231.jpg,231 - Деревянная КиЖи
232,https://mnemonikon.ru/images/Demo_ok/000-099/232.jpg,232 - ДиКТофон
233,https://mnemonikon.ru/images/Demo_ok/000-099/233.jpg,233 - Два КеКса
234,https://mnemonikon.ru/images/Demo_ok/000-099/234.jpg,234 - Два КоЧана
235,https://mnemonikon.ru/images/Demo_ok/000-099/235.jpg,235 - ДиКоБраз
236,https://mnemonikon.ru/images/Demo_ok/000-099/236.jpg,236 - оДеКоЛон
237,https://mnemonikon.ru/images/Demo_ok/000-099/237.jpg,237 - ТаКСа
238,https://mnemonikon.ru/images/Demo_ok/000-099/238.jpg,238 - ТыКВа
239,https://mnemonikon.ru/images/Demo_ok/000-099/239.jpg,239 - оТКРывалка
240,https://mnemonikon.ru/images/Demo_ok/000-099/240.jpg,240 - ТаЧаНка
241,https://mnemonikon.ru/images/Demo_ok/000-099/241.jpg,241 - Два ЧуГунка
242,https://mnemonikon.ru/images/Demo_ok/000-099/242.jpg,242 - Деревянный ЩиТ
243,https://mnemonikon.ru/images/Demo_ok/000-099/243.jpg,243 - Деревянный яЩиК
244,https://mnemonikon.ru/images/Demo_ok/000-099/244.jpg,244 - ДоЩеЧки
245,https://mnemonikon.ru/images/Demo_ok/000-099/245.jpg,245 - Два ЧиПа
246,https://mnemonikon.ru/images/Demo_ok/000-099/246.jpg,246 - ТоЧиЛо
247,https://mnemonikon.ru/images/Demo_ok/000-099/247.jpg,247 - Деревянные ЧаСы
248,https://mnemonikon.ru/images/Demo_ok/000-099/248.jpg,248 - ТоЩий Воробей
249,https://mnemonikon.ru/images/Demo_ok/000-099/249.jpg,249 - Древний яЩеР
250,https://mnemonikon.ru/images/Demo_ok/000-099/250.jpg,250 - Туалетная БуМага
251,https://mnemonikon.ru/images/Demo_ok/000-099/251.jpg,251 - Две ПуГовицы
252,https://mnemonikon.ru/images/Demo_ok/000-099/252.jpg,252 - аДаПТер
253,https://mnemonikon.ru/images/Demo_ok/000-099/253.jpg,253 - ТяПКа
254,https://mnemonikon.ru/images/Demo_ok/000-099/254.jpg,254 - ТаПоЧки
255,https://mnemonikon.ru/images/Demo_ok/000-099/255.jpg,255 - Два БоБа
256,https://mnemonikon.ru/images/Demo_ok/000-099/256.jpg,256 - ДиПЛомат
257,https://mnemonikon.ru/images/Demo_ok/000-099/257.jpg,257 - ТуБуС
258,https://mnemonikon.ru/images/Demo_ok/000-099/258.jpg,258 - ДуБовый Веник
259,https://mnemonikon.ru/images/Demo_ok/000-099/259.jpg,259 - ТаБуРет
260,https://mnemonikon.ru/images/Demo_ok/000-099/260.jpg,260 - уДЛиНитель
261,https://mnemonikon.ru/images/Demo_ok/000-099/261.jpg,261 - ТеЛоГрейка
262,https://mnemonikon.ru/images/Demo_ok/000-099/262.jpg,262 - ТеЛеТайп
263,https://mnemonikon.ru/images/Demo_ok/000-099/263.jpg,263 - ТеЛеКамера
264,https://mnemonikon.ru/images/Demo_ok/000-099/264.jpg,264 - уДиЛиЩе
265,https://mnemonikon.ru/images/Demo_ok/000-099/265.jpg,265 - ТеЛеБашня
266,https://mnemonikon.ru/images/Demo_ok/000-099/266.jpg,266 - ДоЛЛар
267,https://mnemonikon.ru/images/Demo_ok/000-099/267.jpg,267 - ТеЛеСкоп
268,https://mnemonikon.ru/images/Demo_ok/000-099/268.jpg,268 - ТеЛеФон
269,https://mnemonikon.ru/images/Demo_ok/000-099/269.jpg,269 - Душ ШаРко
270,https://mnemonikon.ru/images/Demo_ok/000-099/270.jpg,270 - ТеСьМа
271,https://mnemonikon.ru/images/Demo_ok/000-099/271.jpg,271 - Две СиГареты
272,https://mnemonikon.ru/images/Demo_ok/000-099/272.jpg,272 - ТоСТер
273,https://mnemonikon.ru/images/Demo_ok/000-099/273.jpg,273 - ТиСКи
274,https://mnemonikon.ru/images/Demo_ok/000-099/274.jpg,274 - ТыСяЧа
275,https://mnemonikon.ru/images/Demo_ok/000-099/275.jpg,275 - ДСП
276,https://mnemonikon.ru/images/Demo_ok/000-099/276.jpg,276 - ТоСоЛ
277,https://mnemonikon.ru/images/Demo_ok/000-099/277.jpg,277 - Две СоСалки
278,https://mnemonikon.ru/images/Demo_ok/000-099/278.jpg,278 - Толстая СВинья
279,https://mnemonikon.ru/images/Demo_ok/000-099/279.jpg,279 - ДеСеРт
280,https://mnemonikon.ru/images/Demo_ok/000-099/280.jpg,280 - оДуВаНчик
281,https://mnemonikon.ru/images/Demo_ok/000-099/281.jpg,281 - ДВиГатель
282,https://mnemonikon.ru/images/Demo_ok/000-099/282.jpg,282 - оТВеТчик
283,https://mnemonikon.ru/images/Demo_ok/000-099/283.jpg,283 - ТюФяК
284,https://mnemonikon.ru/images/Demo_ok/000-099/284.jpg,284 - ДеВоЧка
285,https://mnemonikon.ru/images/Demo_ok/000-099/285.jpg,285 - Две ВоБлы
286,https://mnemonikon.ru/images/Demo_ok/000-099/286.jpg,286 - ТуФЛи
287,https://mnemonikon.ru/images/Demo_ok/000-099/287.jpg,287 - Два ВеСла
288,https://mnemonikon.ru/images/Demo_ok/000-099/288.jpg,288 - Детская ФуФайка
289,https://mnemonikon.ru/images/Demo_ok/000-099/289.jpg,289 - оТВеРтка
290,https://mnemonikon.ru/images/Demo_ok/000-099/290.jpg,290 - ТуРНик
291,https://mnemonikon.ru/images/Demo_ok/000-099/291.jpg,291 - ДиРиЖабль
292,https://mnemonikon.ru/images/Demo_ok/000-099/292.jpg,292 - ТоРТ
293,https://mnemonikon.ru/images/Demo_ok/000-099/293.jpg,293 - ТаРаКан
294,https://mnemonikon.ru/images/Demo_ok/000-099/294.jpg,294 - ТРеЩотка
295,https://mnemonikon.ru/images/Demo_ok/000-099/295.jpg,295 - ТРуБа
296,https://mnemonikon.ru/images/Demo_ok/000-099/296.jpg,296 - ДРеЛь
297,https://mnemonikon.ru/images/Demo_ok/000-099/297.jpg,297 - ТРуСы
298,https://mnemonikon.ru/images/Demo_ok/000-099/298.jpg,298 - ДеРеВо
299,https://mnemonikon.ru/images/Demo_ok/000-099/299.jpg,299 - ТеРРорист
300,https://mnemonikon.ru/images/Demo_ok/000-099/300.jpg,300 - КаМиН
301,https://mnemonikon.ru/images/Demo_ok/000-099/301.jpg,301 - КНиГа
302,https://mnemonikon.ru/images/Demo_ok/000-099/302.jpg,302 - КоНДенсатор
303,https://mnemonikon.ru/images/Demo_ok/000-099/303.jpg,303 - КоНьКи
304,https://mnemonikon.ru/images/Demo_ok/000-099/304.jpg,304 - КуМаЧ
305,https://mnemonikon.ru/images/Demo_ok/000-099/305.jpg,305 - КНоПка
306,https://mnemonikon.ru/images/Demo_ok/000-099/306.jpg,306 - КаМыШ
307,https://mnemonikon.ru/images/Demo_ok/000-099/307.jpg,307 - КаНиСтра
308,https://mnemonikon.ru/images/Demo_ok/000-099/308.jpg,308 - КоНФета
309,https://mnemonikon.ru/images/Demo_ok/000-099/309.jpg,309 - КаМеРтон
310,https://mnemonikon.ru/images/Demo_ok/000-099/310.jpg,310 - КоЖаНка
311,https://mnemonikon.ru/images/Demo_ok/000-099/311.jpg,311 - Красная ЖиЖа
312,https://mnemonikon.ru/images/Demo_ok/000-099/312.jpg,312 - КоГоТь
313,https://mnemonikon.ru/images/Demo_ok/000-099/313.jpg,313 - КоЖуХ
314,https://mnemonikon.ru/images/Demo_ok/000-099/314.jpg,314 - число пи
315,https://mnemonikon.ru/images/Demo_ok/000-099/315.jpg,315 - КГБ
316,https://mnemonikon.ru/images/Demo_ok/000-099/316.jpg,316 - КеГЛя
317,https://mnemonikon.ru/images/Demo_ok/000-099/317.jpg,317 - Красивый ЖаСмин
318,https://mnemonikon.ru/images/Demo_ok/000-099/318.jpg,318 - три (3) ГВоздя
319,https://mnemonikon.ru/images/Demo_ok/000-099/319.jpg,319 - КоЖуРа
320,https://mnemonikon.ru/images/Demo_ok/000-099/320.jpg,320 - ХиТиН
321,https://mnemonikon.ru/images/Demo_ok/000-099/321.jpg,321 - Хот-ДоГ
322,https://mnemonikon.ru/images/Demo_ok/000-099/322.jpg,322 - КаТоД
323,https://mnemonikon.ru/images/Demo_ok/000-099/323.jpg,323 - ХоДиКи
324,https://mnemonikon.ru/images/Demo_ok/000-099/324.jpg,324 - КеТЧуп
325,https://mnemonikon.ru/images/Demo_ok/000-099/325.jpg,325 - КаТаПульта
326,https://mnemonikon.ru/images/Demo_ok/000-099/326.jpg,326 - КаТуШка
327,https://mnemonikon.ru/images/Demo_ok/000-099/327.jpg,327 - КуТуЗов
328,https://mnemonikon.ru/images/Demo_ok/000-099/328.jpg,328 - КаТаФалк
329,https://mnemonikon.ru/images/Demo_ok/000-099/329.jpg,329 - КаТеР
330,https://mnemonikon.ru/images/Demo_ok/000-099/330.jpg,330 - аККуМулятор
331,https://mnemonikon.ru/images/Demo_ok/000-099/331.jpg,331 - три (3) КеГли
332,https://mnemonikon.ru/images/Demo_ok/000-099/332.jpg,332 - КаКТус
333,https://mnemonikon.ru/images/Demo_ok/000-099/333.jpg,333 - КоКа-Кола
334,https://mnemonikon.ru/images/Demo_ok/000-099/334.jpg,334 - Компостная КуЧа
335,https://mnemonikon.ru/images/Demo_ok/000-099/335.jpg,335 - Красные КуБики
336,https://mnemonikon.ru/images/Demo_ok/000-099/336.jpg,336 - КуКЛа
337,https://mnemonikon.ru/images/Demo_ok/000-099/337.jpg,337 - КоКоС
338,https://mnemonikon.ru/images/Demo_ok/000-099/338.jpg,338 - Крепкий КоФе
339,https://mnemonikon.ru/images/Demo_ok/000-099/339.jpg,339 - аККоРдеон
340,https://mnemonikon.ru/images/Demo_ok/000-099/340.jpg,340 - ХиЩНик
341,https://mnemonikon.ru/images/Demo_ok/000-099/341.jpg,341 - три (3) ЧиЖа
342,https://mnemonikon.ru/images/Demo_ok/000-099/342.jpg,342 - КоЧеТ
343,https://mnemonikon.ru/images/Demo_ok/000-099/343.jpg,343 - КауЧуК
344,https://mnemonikon.ru/images/Demo_ok/000-099/344.jpg,344 - три (3) ЧуЧело
345,https://mnemonikon.ru/images/Demo_ok/000-099/345.jpg,345 - ХаЧаПури
346,https://mnemonikon.ru/images/Demo_ok/000-099/346.jpg,346 - КаЧеЛи
347,https://mnemonikon.ru/images/Demo_ok/000-099/347.jpg,347 - Калькулятор-ЧаСы
348,https://mnemonikon.ru/images/Demo_ok/000-099/348.jpg,348 - Крепкий ЧиФир
349,https://mnemonikon.ru/images/Demo_ok/000-099/349.jpg,349 - КоЧеРга
350,https://mnemonikon.ru/images/Demo_ok/000-099/350.jpg,350 - КаБиНа
351,https://mnemonikon.ru/images/Demo_ok/000-099/351.jpg,351 - три (3) БоГатыря
352,https://mnemonikon.ru/images/Demo_ok/000-099/352.jpg,352 - КиПяТильник
353,https://mnemonikon.ru/images/Demo_ok/000-099/353.jpg,353 - КаПКан
354,https://mnemonikon.ru/images/Demo_ok/000-099/354.jpg,354 - КаБаЧок
355,https://mnemonikon.ru/images/Demo_ok/000-099/355.jpg,355 - три (3) ПиПетки
356,https://mnemonikon.ru/images/Demo_ok/000-099/356.jpg,356 - КаПюШон
357,https://mnemonikon.ru/images/Demo_ok/000-099/357.jpg,357 - КаПСула
358,https://mnemonikon.ru/images/Demo_ok/000-099/358.jpg,358 - Кружка ПиВа
359,https://mnemonikon.ru/images/Demo_ok/000-099/359.jpg,359 - КоБуРа
360,https://mnemonikon.ru/images/Demo_ok/000-099/360.jpg,360 - КаЛеНдарь
361,https://mnemonikon.ru/images/Demo_ok/000-099/361.jpg,361 - КоЛГейт
362,https://mnemonikon.ru/images/Demo_ok/000-099/362.jpg,362 - КаЛиТка
363,https://mnemonikon.ru/images/Demo_ok/000-099/363.jpg,363 - КаЛьКулятор
364,https://mnemonikon.ru/images/Demo_ok/000-099/364.jpg,364 - КЛюЧи
365,https://mnemonikon.ru/images/Demo_ok/000-099/365.jpg,365 - ХЛеБ
366,https://mnemonikon.ru/images/Demo_ok/000-099/366.jpg,366 - КЛюШка
367,https://mnemonikon.ru/images/Demo_ok/000-099/367.jpg,367 - КЛиЗма
368,https://mnemonikon.ru/images/Demo_ok/000-099/368.jpg,368 - КЛеВер
369,https://mnemonikon.ru/images/Demo_ok/000-099/369.jpg,369 - КЛаРнет
370,https://mnemonikon.ru/images/Demo_ok/000-099/370.jpg,370 - КоСМетичка
371,https://mnemonikon.ru/images/Demo_ok/000-099/371.jpg,371 - три (3) СиГареты
372,https://mnemonikon.ru/images/Demo_ok/000-099/372.jpg,372 - КаСТрюля
373,https://mnemonikon.ru/images/Demo_ok/000-099/373.jpg,373 - КаСКа
374,https://mnemonikon.ru/images/Demo_ok/000-099/374.jpg,374 - КуСаЧки
375,https://mnemonikon.ru/images/Demo_ok/000-099/375.jpg,375 - Красная ЗиПпо
376,https://mnemonikon.ru/images/Demo_ok/000-099/376.jpg,376 - КоЗеЛ
377,https://mnemonikon.ru/images/Demo_ok/000-099/377.jpg,377 - КаССета
378,https://mnemonikon.ru/images/Demo_ok/000-099/378.jpg,378 - КуЗоВ
379,https://mnemonikon.ru/images/Demo_ok/000-099/379.jpg,379 - Коробочка СыРа
380,https://mnemonikon.ru/images/Demo_ok/000-099/380.jpg,380 - КоФейНик
381,https://mnemonikon.ru/images/Demo_ok/000-099/381.jpg,381 - Красный ФуЖер
382,https://mnemonikon.ru/images/Demo_ok/000-099/382.jpg,382 - КюВеТа
383,https://mnemonikon.ru/images/Demo_ok/000-099/383.jpg,383 - КВаКер
384,https://mnemonikon.ru/images/Demo_ok/000-099/384.jpg,384 - ХВоЩ
385,https://mnemonikon.ru/images/Demo_ok/000-099/385.jpg,385 - КоВБойка
386,https://mnemonikon.ru/images/Demo_ok/000-099/386.jpg,386 - КоВШ
387,https://mnemonikon.ru/images/Demo_ok/000-099/387.jpg,387 - КВаС
388,https://mnemonikon.ru/images/Demo_ok/000-099/388.jpg,388 - КоФеВарка
389,https://mnemonikon.ru/images/Demo_ok/000-099/389.jpg,389 - аКВаРель
390,https://mnemonikon.ru/images/Demo_ok/000-099/390.jpg,390 - КоРоНа
391,https://mnemonikon.ru/images/Demo_ok/000-099/391.jpg,391 - КРуЖка
392,https://mnemonikon.ru/images/Demo_ok/000-099/392.jpg,392 - КоРыТо
393,https://mnemonikon.ru/images/Demo_ok/000-099/393.jpg,393 - КРоКодил
394,https://mnemonikon.ru/images/Demo_ok/000-099/394.jpg,394 - КРюЧок
395,https://mnemonikon.ru/images/Demo_ok/000-099/395.jpg,395 - КРаБ
396,https://mnemonikon.ru/images/Demo_ok/000-099/396.jpg,396 - КРыШка
397,https://mnemonikon.ru/images/Demo_ok/000-099/397.jpg,397 - КРеСт
398,https://mnemonikon.ru/images/Demo_ok/000-099/398.jpg,398 - КРеВетка
399,https://mnemonikon.ru/images/Demo_ok/000-099/399.jpg,399 - КоРиЦа
400,https://mnemonikon.ru/images/Demo_ok/000-099/400.jpg,400 - Черная МиНа
401,https://mnemonikon.ru/images/Demo_ok/000-099/401.jpg,401 - Четыре НоГи
402,https://mnemonikon.ru/images/Demo_ok/000-099/402.jpg,402 - ЧеМоДан
403,https://mnemonikon.ru/images/Demo_ok/000-099/403.jpg,403 - ЩеНоК
404,https://mnemonikon.ru/images/Demo_ok/000-099/404.jpg,404 - Черный МяЧ
405,https://mnemonikon.ru/images/Demo_ok/000-099/405.jpg,405 - ЧеМПион
406,https://mnemonikon.ru/images/Demo_ok/000-099/406.jpg,406 - Четыре МеЛка
407,https://mnemonikon.ru/images/Demo_ok/000-099/407.jpg,407 - Черные НоСки
408,https://mnemonikon.ru/images/Demo_ok/000-099/408.jpg,408 - Черный НаВигатор
409,https://mnemonikon.ru/images/Demo_ok/000-099/409.jpg,409 - ЧайНиЦа
410,https://mnemonikon.ru/images/Demo_ok/000-099/410.jpg,410 - ЧуГуН
411,https://mnemonikon.ru/images/Demo_ok/000-099/411.jpg,411 - Четыре ЖГута
412,https://mnemonikon.ru/images/Demo_ok/000-099/412.jpg,412 - Черный ГуТалин
413,https://mnemonikon.ru/images/Demo_ok/000-099/413.jpg,413 - Четыре ГайКи
414,https://mnemonikon.ru/images/Demo_ok/000-099/414.jpg,414 - Четыре ЖуЧка
415,https://mnemonikon.ru/images/Demo_ok/000-099/415.jpg,415 - Черная ЖаБа
416,https://mnemonikon.ru/images/Demo_ok/000-099/416.jpg,416 - ЩеГоЛ
417,https://mnemonikon.ru/images/Demo_ok/000-099/417.jpg,417 - Черный ГуСь
418,https://mnemonikon.ru/images/Demo_ok/000-099/418.jpg,418 - Четыре ГВоздики
419,https://mnemonikon.ru/images/Demo_ok/000-099/419.jpg,419 - Чайный ГРиб
420,https://mnemonikon.ru/images/Demo_ok/000-099/420.jpg,420 - ЩеТиНа
421,https://mnemonikon.ru/images/Demo_ok/000-099/421.jpg,421 - Черный ДоГ
422,https://mnemonikon.ru/images/Demo_ok/000-099/422.jpg,422 - Четыре ДиоДа
423,https://mnemonikon.ru/images/Demo_ok/000-099/423.jpg,423 - ЧёТКи
424,https://mnemonikon.ru/images/Demo_ok/000-099/424.jpg,424 - ЩёТоЧка
425,https://mnemonikon.ru/images/Demo_ok/000-099/425.jpg,425 - Черный ДюБель
426,https://mnemonikon.ru/images/Demo_ok/000-099/426.jpg,426 - уЧиТеЛь
427,https://mnemonikon.ru/images/Demo_ok/000-099/427.jpg,427 - ЧуДеСа
428,https://mnemonikon.ru/images/Demo_ok/000-099/428.jpg,428 - ЧеснокоДаВка
429,https://mnemonikon.ru/images/Demo_ok/000-099/429.jpg,429 - ЧаДРа
430,https://mnemonikon.ru/images/Demo_ok/000-099/430.jpg,430 - ЧеКаНка
431,https://mnemonikon.ru/images/Demo_ok/000-099/431.jpg,431 - ЧиКаГо
432,https://mnemonikon.ru/images/Demo_ok/000-099/432.jpg,432 - ЧуКоТка
433,https://mnemonikon.ru/images/Demo_ok/000-099/433.jpg,433 - Четыре КаКтуса
434,https://mnemonikon.ru/images/Demo_ok/000-099/434.jpg,434 - ЧуКЧа
435,https://mnemonikon.ru/images/Demo_ok/000-099/435.jpg,435 - Черный КуБ
436,https://mnemonikon.ru/images/Demo_ok/000-099/436.jpg,436 - ЧеХоЛ
437,https://mnemonikon.ru/images/Demo_ok/000-099/437.jpg,437 - ЧеКиСт
438,https://mnemonikon.ru/images/Demo_ok/000-099/438.jpg,438 - ЧеХоВ
439,https://mnemonikon.ru/images/Demo_ok/000-099/439.jpg,439 - ЧаКРа
440,https://mnemonikon.ru/images/Demo_ok/000-099/440.jpg,440 - оЧеЧНик
441,https://mnemonikon.ru/images/Demo_ok/000-099/441.jpg,441 - оЧиЩенные оГурцы
442,https://mnemonikon.ru/images/Demo_ok/000-099/442.jpg,442 - ЧеЧеТка
443,https://mnemonikon.ru/images/Demo_ok/000-099/443.jpg,443 - ЩёЧКи
444,https://mnemonikon.ru/images/Demo_ok/000-099/444.jpg,444 - Ча-Ча-Ча
445,https://mnemonikon.ru/images/Demo_ok/000-099/445.jpg,445 - Четыре ЩеПки
446,https://mnemonikon.ru/images/Demo_ok/000-099/446.jpg,446 - ЧуЧеЛо
447,https://mnemonikon.ru/images/Demo_ok/000-099/447.jpg,447 - Четверть ЧаСа
448,https://mnemonikon.ru/images/Demo_ok/000-099/448.jpg,448 - оЧиЩенные Фрукты
449,https://mnemonikon.ru/images/Demo_ok/000-099/449.jpg,449 - Черный ЧеРеп
450,https://mnemonikon.ru/images/Demo_ok/000-099/450.jpg,450 - Черный БаНан
451,https://mnemonikon.ru/images/Demo_ok/000-099/451.jpg,451 - Черный БеГемот
452,https://mnemonikon.ru/images/Demo_ok/000-099/452.jpg,452 - ЩеПоТка
453,https://mnemonikon.ru/images/Demo_ok/000-099/453.jpg,453 - ЩеПКа
454,https://mnemonikon.ru/images/Demo_ok/000-099/454.jpg,454 - ЩиПЧики
455,https://mnemonikon.ru/images/Demo_ok/000-099/455.jpg,455 - Читальный аППарат
456,https://mnemonikon.ru/images/Demo_ok/000-099/456.jpg,456 - ЩуПаЛьце
457,https://mnemonikon.ru/images/Demo_ok/000-099/457.jpg,457 - ЧиПСы
458,https://mnemonikon.ru/images/Demo_ok/000-099/458.jpg,458 - ЧаПаеВ
459,https://mnemonikon.ru/images/Demo_ok/000-099/459.jpg,459 - ЧеБуРашка
460,https://mnemonikon.ru/images/Demo_ok/000-099/460.jpg,460 - ЧеЛНок
461,https://mnemonikon.ru/images/Demo_ok/000-099/461.jpg,461 - Чайная ЛоЖка
462,https://mnemonikon.ru/images/Demo_ok/000-099/462.jpg,462 - ЧаЛДа
463,https://mnemonikon.ru/images/Demo_ok/000-099/463.jpg,463 - ЧуЛКи
464,https://mnemonikon.ru/images/Demo_ok/000-099/464.jpg,464 - ЩеЛоЧь
465,https://mnemonikon.ru/images/Demo_ok/000-099/465.jpg,465 - ЩеЛБан
466,https://mnemonikon.ru/images/Demo_ok/000-099/466.jpg,466 - Черная ШеЛковица
467,https://mnemonikon.ru/images/Demo_ok/000-099/467.jpg,467 - ЧеЛюСть
468,https://mnemonikon.ru/images/Demo_ok/000-099/468.jpg,468 - ЧеЛоВек
469,https://mnemonikon.ru/images/Demo_ok/000-099/469.jpg,469 - Чугунный ШаР
470,https://mnemonikon.ru/images/Demo_ok/000-099/470.jpg,470 - ЧеСНок
471,https://mnemonikon.ru/images/Demo_ok/000-099/471.jpg,471 - Четыре СиГары
472,https://mnemonikon.ru/images/Demo_ok/000-099/472.jpg,472 - ЧаСТокол
473,https://mnemonikon.ru/images/Demo_ok/000-099/473.jpg,473 - ЧаСиКи
474,https://mnemonikon.ru/images/Demo_ok/000-099/474.jpg,474 - Черный СыЧ
475,https://mnemonikon.ru/images/Demo_ok/000-099/475.jpg,475 - ЧиЗБургер
476,https://mnemonikon.ru/images/Demo_ok/000-099/476.jpg,476 - ЧиСЛо
477,https://mnemonikon.ru/images/Demo_ok/000-099/477.jpg,477 - Чесночный СоуС
478,https://mnemonikon.ru/images/Demo_ok/000-099/478.jpg,478 - ЧаСоВня
479,https://mnemonikon.ru/images/Demo_ok/000-099/479.jpg,479 - Черный ЗаяЦ
480,https://mnemonikon.ru/images/Demo_ok/000-099/480.jpg,480 - Черный ФоНарь
481,https://mnemonikon.ru/images/Demo_ok/000-099/481.jpg,481 - Черная ФиГура
482,https://mnemonikon.ru/images/Demo_ok/000-099/482.jpg,482 - Чистая ВоДа
483,https://mnemonikon.ru/images/Demo_ok/000-099/483.jpg,483 - Черный ВыКлючатель
484,https://mnemonikon.ru/images/Demo_ok/000-099/484.jpg,484 - Чистые ВеЩи
485,https://mnemonikon.ru/images/Demo_ok/000-099/485.jpg,485 - Черный эФиоП
486,https://mnemonikon.ru/images/Demo_ok/000-099/486.jpg,486 - ЩаВеЛь
487,https://mnemonikon.ru/images/Demo_ok/000-099/487.jpg,487 - Черная ВиЗитка
488,https://mnemonikon.ru/images/Demo_ok/000-099/488.jpg,488 - Черные Вязаные Варежки
489,https://mnemonikon.ru/images/Demo_ok/000-099/489.jpg,489 - Черничное ВаРенье
490,https://mnemonikon.ru/images/Demo_ok/000-099/490.jpg,490 - ЧеРНила
491,https://mnemonikon.ru/images/Demo_ok/000-099/491.jpg,491 - Четыре РоГа
492,https://mnemonikon.ru/images/Demo_ok/000-099/492.jpg,492 - ЧеРТ
493,https://mnemonikon.ru/images/Demo_ok/000-099/493.jpg,493 - ЧиРКалка
494,https://mnemonikon.ru/images/Demo_ok/000-099/494.jpg,494 - ЧеРЧение
495,https://mnemonikon.ru/images/Demo_ok/000-099/495.jpg,495 - ЧеРеПаха
496,https://mnemonikon.ru/images/Demo_ok/000-099/496.jpg,496 - ЧеРеШня
497,https://mnemonikon.ru/images/Demo_ok/000-099/497.jpg,497 - Черная РоЗа
498,https://mnemonikon.ru/images/Demo_ok/000-099/498.jpg,498 - ЧеРВяк
499,https://mnemonikon.ru/images/Demo_ok/000-099/499.jpg,499 - яЩеРиЦа
500,https://mnemonikon.ru/images/Demo_ok/000-099/500.jpg,500 - БаНаН
501,https://mnemonikon.ru/images/Demo_ok/000-099/501.jpg,501 - ПиНГвин
502,https://mnemonikon.ru/images/Demo_ok/000-099/502.jpg,502 - ПоМиДор
503,https://mnemonikon.ru/images/Demo_ok/000-099/503.jpg,503 - БиНоКль
504,https://mnemonikon.ru/images/Demo_ok/000-099/504.jpg,504 - БаНоЧка
505,https://mnemonikon.ru/images/Demo_ok/000-099/505.jpg,505 - БоМБа
506,https://mnemonikon.ru/images/Demo_ok/000-099/506.jpg,506 - ПеНаЛ
507,https://mnemonikon.ru/images/Demo_ok/000-099/507.jpg,507 - ПеМЗа
508,https://mnemonikon.ru/images/Demo_ok/000-099/508.jpg,508 - БМВ
509,https://mnemonikon.ru/images/Demo_ok/000-099/509.jpg,509 - БуМеРанг
510,https://mnemonikon.ru/images/Demo_ok/000-099/510.jpg,510 - ПиЖаМа
511,https://mnemonikon.ru/images/Demo_ok/000-099/511.jpg,511 - БаГаЖник
512,https://mnemonikon.ru/images/Demo_ok/000-099/512.jpg,512 - БиГуДи
513,https://mnemonikon.ru/images/Demo_ok/000-099/513.jpg,513 - Пятнистый ЖуК
514,https://mnemonikon.ru/images/Demo_ok/000-099/514.jpg,514 - ПуГаЧ
515,https://mnemonikon.ru/images/Demo_ok/000-099/515.jpg,515 - Белая ЖаБа
516,https://mnemonikon.ru/images/Demo_ok/000-099/516.jpg,516 - ПуГаЛо
517,https://mnemonikon.ru/images/Demo_ok/000-099/517.jpg,517 - ПеГаС
518,https://mnemonikon.ru/images/Demo_ok/000-099/518.jpg,518 - ПуГоВица
519,https://mnemonikon.ru/images/Demo_ok/000-099/519.jpg,519 - аБаЖуР
520,https://mnemonikon.ru/images/Demo_ok/000-099/520.jpg,520 - ПауТиНа
521,https://mnemonikon.ru/images/Demo_ok/000-099/521.jpg,521 - ПиДЖак
522,https://mnemonikon.ru/images/Demo_ok/000-099/522.jpg,522 - ПоДДон
523,https://mnemonikon.ru/images/Demo_ok/000-099/523.jpg,523 - ПяТКа
524,https://mnemonikon.ru/images/Demo_ok/000-099/524.jpg,524 - ПяТаЧок
525,https://mnemonikon.ru/images/Demo_ok/000-099/525.jpg,525 - ПоДПора
526,https://mnemonikon.ru/images/Demo_ok/000-099/526.jpg,526 - БуТыЛка
527,https://mnemonikon.ru/images/Demo_ok/000-099/527.jpg,527 - ПоДСтаканник
528,https://mnemonikon.ru/images/Demo_ok/000-099/528.jpg,528 - ПаТеФон
529,https://mnemonikon.ru/images/Demo_ok/000-099/529.jpg,529 - ПуДРа
530,https://mnemonikon.ru/images/Demo_ok/000-099/530.jpg,530 - ПиКНик
531,https://mnemonikon.ru/images/Demo_ok/000-099/531.jpg,531 - БуХГалтерия
532,https://mnemonikon.ru/images/Demo_ok/000-099/532.jpg,532 - оБъеКТив
533,https://mnemonikon.ru/images/Demo_ok/000-099/533.jpg,533 - ПиККоло
534,https://mnemonikon.ru/images/Demo_ok/000-099/534.jpg,534 - Бессмертный КоЩей
535,https://mnemonikon.ru/images/Demo_ok/000-099/535.jpg,535 - ПиКаП
536,https://mnemonikon.ru/images/Demo_ok/000-099/536.jpg,536 - ПаКЛя
537,https://mnemonikon.ru/images/Demo_ok/000-099/537.jpg,537 - БоКС
538,https://mnemonikon.ru/images/Demo_ok/000-099/538.jpg,538 - БуКВы
539,https://mnemonikon.ru/images/Demo_ok/000-099/539.jpg,539 - БеКаР
540,https://mnemonikon.ru/images/Demo_ok/000-099/540.jpg,540 - ПеЧеНье
541,https://mnemonikon.ru/images/Demo_ok/000-099/541.jpg,541 - ПиЧуГа
542,https://mnemonikon.ru/images/Demo_ok/000-099/542.jpg,542 - ПеЧаТь
543,https://mnemonikon.ru/images/Demo_ok/000-099/543.jpg,543 - БаЧоК
544,https://mnemonikon.ru/images/Demo_ok/000-099/544.jpg,544 - Полосатое ЧуЧело
545,https://mnemonikon.ru/images/Demo_ok/000-099/545.jpg,545 - Белый ЧеБурек
546,https://mnemonikon.ru/images/Demo_ok/000-099/546.jpg,546 - ПЧеЛы
547,https://mnemonikon.ru/images/Demo_ok/000-099/547.jpg,547 - Полосатые ЧаСы
548,https://mnemonikon.ru/images/Demo_ok/000-099/548.jpg,548 - БеЧёВка
549,https://mnemonikon.ru/images/Demo_ok/000-099/549.jpg,549 - ПеЩеРа
550,https://mnemonikon.ru/images/Demo_ok/000-099/550.jpg,550 - БуБеН
551,https://mnemonikon.ru/images/Demo_ok/000-099/551.jpg,551 - ПоПуГай
552,https://mnemonikon.ru/images/Demo_ok/000-099/552.jpg,552 - ПиПеТка
553,https://mnemonikon.ru/images/Demo_ok/000-099/553.jpg,553 - ПаПКа
554,https://mnemonikon.ru/images/Demo_ok/000-099/554.jpg,554 - БаБоЧка
555,https://mnemonikon.ru/images/Demo_ok/000-099/555.jpg,555 - БаоБаБ
556,https://mnemonikon.ru/images/Demo_ok/000-099/556.jpg,556 - ПеПеЛьница
557,https://mnemonikon.ru/images/Demo_ok/000-099/557.jpg,557 - ПаПуаС
558,https://mnemonikon.ru/images/Demo_ok/000-099/558.jpg,558 - ПуПоВина
559,https://mnemonikon.ru/images/Demo_ok/000-099/559.jpg,559 - ПаПоРотник
560,https://mnemonikon.ru/images/Demo_ok/000-099/560.jpg,560 - ПаяЛьНик
561,https://mnemonikon.ru/images/Demo_ok/000-099/561.jpg,561 - ПЛуГ
562,https://mnemonikon.ru/images/Demo_ok/000-099/562.jpg,562 - ПаЛаТка
563,https://mnemonikon.ru/images/Demo_ok/000-099/563.jpg,563 - ПуШКа
564,https://mnemonikon.ru/images/Demo_ok/000-099/564.jpg,564 - ПаЛаЧ
565,https://mnemonikon.ru/images/Demo_ok/000-099/565.jpg,565 - ПоЛиП
566,https://mnemonikon.ru/images/Demo_ok/000-099/566.jpg,566 - БаЛаЛайка
567,https://mnemonikon.ru/images/Demo_ok/000-099/567.jpg,567 - ПЛаСтилин
568,https://mnemonikon.ru/images/Demo_ok/000-099/568.jpg,568 - ПоЛоВник
569,https://mnemonikon.ru/images/Demo_ok/000-099/569.jpg,569 - ПаЛеЦ
570,https://mnemonikon.ru/images/Demo_ok/000-099/570.jpg,570 - ПиСьМо
571,https://mnemonikon.ru/images/Demo_ok/000-099/571.jpg,571 - ПейЗаЖ
572,https://mnemonikon.ru/images/Demo_ok/000-099/572.jpg,572 - ПиСТолет
573,https://mnemonikon.ru/images/Demo_ok/000-099/573.jpg,573 - БаСКетбол
574,https://mnemonikon.ru/images/Demo_ok/000-099/574.jpg,574 - ПеСоЧница
575,https://mnemonikon.ru/images/Demo_ok/000-099/575.jpg,575 - ПаСПорт
576,https://mnemonikon.ru/images/Demo_ok/000-099/576.jpg,576 - ПьеЗоэЛемент
577,https://mnemonikon.ru/images/Demo_ok/000-099/577.jpg,577 - ПиССуар
578,https://mnemonikon.ru/images/Demo_ok/000-099/578.jpg,578 - ПоЗВоночник
579,https://mnemonikon.ru/images/Demo_ok/000-099/579.jpg,579 - ПуЗыРь
580,https://mnemonikon.ru/images/Demo_ok/000-099/580.jpg,580 - БиВеНь
581,https://mnemonikon.ru/images/Demo_ok/000-099/581.jpg,581 - Полосатый ВаГон
582,https://mnemonikon.ru/images/Demo_ok/000-099/582.jpg,582 - ПоВоДок
583,https://mnemonikon.ru/images/Demo_ok/000-099/583.jpg,583 - ПуФиК
584,https://mnemonikon.ru/images/Demo_ok/000-099/584.jpg,584 - Полоски оВоЩные
585,https://mnemonikon.ru/images/Demo_ok/000-099/585.jpg,585 - ПиВБар
586,https://mnemonikon.ru/images/Demo_ok/000-099/586.jpg,586 - ПаВЛин
587,https://mnemonikon.ru/images/Demo_ok/000-099/587.jpg,587 - ПоВяЗка
588,https://mnemonikon.ru/images/Demo_ok/000-099/588.jpg,588 - ПиВоВар
589,https://mnemonikon.ru/images/Demo_ok/000-099/589.jpg,589 - ПеВеЦ
590,https://mnemonikon.ru/images/Demo_ok/000-099/590.jpg,590 - ПиРаМида
591,https://mnemonikon.ru/images/Demo_ok/000-099/591.jpg,591 - ПРуЖина
592,https://mnemonikon.ru/images/Demo_ok/000-099/592.jpg,592 - ПРоТивогаз
593,https://mnemonikon.ru/images/Demo_ok/000-099/593.jpg,593 - ПаРиК
594,https://mnemonikon.ru/images/Demo_ok/000-099/594.jpg,594 - ПРиЩепка
595,https://mnemonikon.ru/images/Demo_ok/000-099/595.jpg,595 - БаРаБан
596,https://mnemonikon.ru/images/Demo_ok/000-099/596.jpg,596 - ПаРаШют
597,https://mnemonikon.ru/images/Demo_ok/000-099/597.jpg,597 - ПаРуС
598,https://mnemonikon.ru/images/Demo_ok/000-099/598.jpg,598 - БРеВно
599,https://mnemonikon.ru/images/Demo_ok/000-099/599.jpg,599 - ПеРеЦ
600,https://mnemonikon.ru/images/Demo_ok/000-099/600.jpg,600 - ЛиМоН
601,https://mnemonikon.ru/images/Demo_ok/000-099/601.jpg,601 - ЛиНГафон
602,https://mnemonikon.ru/images/Demo_ok/000-099/602.jpg,602 - ЛаНДыш
603,https://mnemonikon.ru/images/Demo_ok/000-099/603.jpg,603 - ЛиНейКа
604,https://mnemonikon.ru/images/Demo_ok/000-099/604.jpg,604 - Шипованный МяЧ
605,https://mnemonikon.ru/images/Demo_ok/000-099/605.jpg,605 - ЛаМПа
606,https://mnemonikon.ru/images/Demo_ok/000-099/606.jpg,606 - ШиНеЛь
607,https://mnemonikon.ru/images/Demo_ok/000-099/607.jpg,607 - аЛМаЗ
608,https://mnemonikon.ru/images/Demo_ok/000-099/608.jpg,608 - ЛеНиВец
609,https://mnemonikon.ru/images/Demo_ok/000-099/609.jpg,609 - ШНуРок
610,https://mnemonikon.ru/images/Demo_ok/000-099/610.jpg,610 - ШаГоМер
611,https://mnemonikon.ru/images/Demo_ok/000-099/611.jpg,611 - ЛеГкая Гирька
612,https://mnemonikon.ru/images/Demo_ok/000-099/612.jpg,612 - ЛоГоТип
613,https://mnemonikon.ru/images/Demo_ok/000-099/613.jpg,613 - ЛоЖКа
614,https://mnemonikon.ru/images/Demo_ok/000-099/614.jpg,614 - ЛеГоЧница
615,https://mnemonikon.ru/images/Demo_ok/000-099/615.jpg,615 - аЛГеБра
616,https://mnemonikon.ru/images/Demo_ok/000-099/616.jpg,616 - ЛяГуШка
617,https://mnemonikon.ru/images/Demo_ok/000-099/617.jpg,617 - ЛоГиСтика
618,https://mnemonikon.ru/images/Demo_ok/000-099/618.jpg,618 - ЛеГаВая
619,https://mnemonikon.ru/images/Demo_ok/000-099/619.jpg,619 - ЛаГеРь
620,https://mnemonikon.ru/images/Demo_ok/000-099/620.jpg,620 - ШТаНга
621,https://mnemonikon.ru/images/Demo_ok/000-099/621.jpg,621 - ЛеДоГенератор
622,https://mnemonikon.ru/images/Demo_ok/000-099/622.jpg,622 - ШТаТив
623,https://mnemonikon.ru/images/Demo_ok/000-099/623.jpg,623 - уЛиТКа
624,https://mnemonikon.ru/images/Demo_ok/000-099/624.jpg,624 - ЛоДоЧка
625,https://mnemonikon.ru/images/Demo_ok/000-099/625.jpg,625 - ШТоПор
626,https://mnemonikon.ru/images/Demo_ok/000-099/626.jpg,626 - ЛаДоШи
627,https://mnemonikon.ru/images/Demo_ok/000-099/627.jpg,627 - ЛоТоС
628,https://mnemonikon.ru/images/Demo_ok/000-099/628.jpg,628 - ШеДеВр
629,https://mnemonikon.ru/images/Demo_ok/000-099/629.jpg,629 - ШТуРвал
630,https://mnemonikon.ru/images/Demo_ok/000-099/630.jpg,630 - ШаХМаты
631,https://mnemonikon.ru/images/Demo_ok/000-099/631.jpg,631 - аЛКоГоль
632,https://mnemonikon.ru/images/Demo_ok/000-099/632.jpg,632 - ЛоКаТор
633,https://mnemonikon.ru/images/Demo_ok/000-099/633.jpg,633 - Широкая КойКа
634,https://mnemonikon.ru/images/Demo_ok/000-099/634.jpg,634 - ЛиХаЧ
635,https://mnemonikon.ru/images/Demo_ok/000-099/635.jpg,635 - ЛейКоПластырь
636,https://mnemonikon.ru/images/Demo_ok/000-099/636.jpg,636 - ШоКоЛад
637,https://mnemonikon.ru/images/Demo_ok/000-099/637.jpg,637 - эЛиКСир
638,https://mnemonikon.ru/images/Demo_ok/000-099/638.jpg,638 - ШКаФ
639,https://mnemonikon.ru/images/Demo_ok/000-099/639.jpg,639 - ШКуРка
640,https://mnemonikon.ru/images/Demo_ok/000-099/640.jpg,640 - ЛуЧиНа
641,https://mnemonikon.ru/images/Demo_ok/000-099/641.jpg,641 - ЛаЧуГа
642,https://mnemonikon.ru/images/Demo_ok/000-099/642.jpg,642 - эЛектрическая ЩеТка
643,https://mnemonikon.ru/images/Demo_ok/000-099/643.jpg,643 - ШаеЧКа
644,https://mnemonikon.ru/images/Demo_ok/000-099/644.jpg,644 - Лесная ЧаЩа
645,https://mnemonikon.ru/images/Demo_ok/000-099/645.jpg,645 - эЛектрический ЩуП
646,https://mnemonikon.ru/images/Demo_ok/000-099/646.jpg,646 - Широкая ЩеЛь
647,https://mnemonikon.ru/images/Demo_ok/000-099/647.jpg,647 - Люминесцентные ЧаСы
648,https://mnemonikon.ru/images/Demo_ok/000-099/648.jpg,648 - ЛеЧебная Вода
649,https://mnemonikon.ru/images/Demo_ok/000-099/649.jpg,649 - Ленточный ЧеРвь
650,https://mnemonikon.ru/images/Demo_ok/000-099/650.jpg,650 - аЛьБоМ
651,https://mnemonikon.ru/images/Demo_ok/000-099/651.jpg,651 - ШПаГа
652,https://mnemonikon.ru/images/Demo_ok/000-099/652.jpg,652 - ЛоПаТа
653,https://mnemonikon.ru/images/Demo_ok/000-099/653.jpg,653 - ЛоПуХ
654,https://mnemonikon.ru/images/Demo_ok/000-099/654.jpg,654 - ШаПоЧка
655,https://mnemonikon.ru/images/Demo_ok/000-099/655.jpg,655 - Школьная ПаПка
656,https://mnemonikon.ru/images/Demo_ok/000-099/656.jpg,656 - ШПиЛь
657,https://mnemonikon.ru/images/Demo_ok/000-099/657.jpg,657 - ЛоБЗик
658,https://mnemonikon.ru/images/Demo_ok/000-099/658.jpg,658 - ЛюБоВь
659,https://mnemonikon.ru/images/Demo_ok/000-099/659.jpg,659 - ШПРиц
660,https://mnemonikon.ru/images/Demo_ok/000-099/660.jpg,660 - ШЛеМ
661,https://mnemonikon.ru/images/Demo_ok/000-099/661.jpg,661 - ШЛаГбаум
662,https://mnemonikon.ru/images/Demo_ok/000-099/662.jpg,662 - ЛоШаДь
663,https://mnemonikon.ru/images/Demo_ok/000-099/663.jpg,663 - ШиШКа
664,https://mnemonikon.ru/images/Demo_ok/000-099/664.jpg,664 - Лазерный ЛуЧ
665,https://mnemonikon.ru/images/Demo_ok/000-099/665.jpg,665 - ШЛюПка
666,https://mnemonikon.ru/images/Demo_ok/000-099/666.jpg,666 - ШаШЛык
667,https://mnemonikon.ru/images/Demo_ok/000-099/667.jpg,667 - иЛЛюЗия
668,https://mnemonikon.ru/images/Demo_ok/000-099/668.jpg,668 - ШЛейФ
669,https://mnemonikon.ru/images/Demo_ok/000-099/669.jpg,669 - ШуЛеР
670,https://mnemonikon.ru/images/Demo_ok/000-099/670.jpg,670 - ЛеСеНка
671,https://mnemonikon.ru/images/Demo_ok/000-099/671.jpg,671 - ЛеЗГинка
672,https://mnemonikon.ru/images/Demo_ok/000-099/672.jpg,672 - ЛюСТра
673,https://mnemonikon.ru/images/Demo_ok/000-099/673.jpg,673 - ЛеСКа
674,https://mnemonikon.ru/images/Demo_ok/000-099/674.jpg,674 - ЛиСиЧка
675,https://mnemonikon.ru/images/Demo_ok/000-099/675.jpg,675 - Широкое СоПло
676,https://mnemonikon.ru/images/Demo_ok/000-099/676.jpg,676 - оЛовянный СоЛдатик
677,https://mnemonikon.ru/images/Demo_ok/000-099/677.jpg,677 - ЛаССо
678,https://mnemonikon.ru/images/Demo_ok/000-099/678.jpg,678 - ЛеЗВие
679,https://mnemonikon.ru/images/Demo_ok/000-099/679.jpg,679 - ЛаЗеР
680,https://mnemonikon.ru/images/Demo_ok/000-099/680.jpg,680 - ЛаВиНа
681,https://mnemonikon.ru/images/Demo_ok/000-099/681.jpg,681 - ШВейная иГла
682,https://mnemonikon.ru/images/Demo_ok/000-099/682.jpg,682 - ЛиФТ
683,https://mnemonikon.ru/images/Demo_ok/000-099/683.jpg,683 - ЛаВКа
684,https://mnemonikon.ru/images/Demo_ok/000-099/684.jpg,684 - ЛиФЧик
685,https://mnemonikon.ru/images/Demo_ok/000-099/685.jpg,685 - ШВаБра
686,https://mnemonikon.ru/images/Demo_ok/000-099/686.jpg,686 - ЛаВаШ
687,https://mnemonikon.ru/images/Demo_ok/000-099/687.jpg,687 - Широкая ВаЗа
688,https://mnemonikon.ru/images/Demo_ok/000-099/688.jpg,688 - Шоколадные ВаФли
689,https://mnemonikon.ru/images/Demo_ok/000-099/689.jpg,689 - ШиФР
690,https://mnemonikon.ru/images/Demo_ok/000-099/690.jpg,690 - ШаРНир
691,https://mnemonikon.ru/images/Demo_ok/000-099/691.jpg,691 - ШаРЖ
692,https://mnemonikon.ru/images/Demo_ok/000-099/692.jpg,692 - ШоРТы
693,https://mnemonikon.ru/images/Demo_ok/000-099/693.jpg,693 - ШаРиК
694,https://mnemonikon.ru/images/Demo_ok/000-099/694.jpg,694 - ЛаРЧик
695,https://mnemonikon.ru/images/Demo_ok/000-099/695.jpg,695 - ШуРуП
696,https://mnemonikon.ru/images/Demo_ok/000-099/696.jpg,696 - ШеРШень
697,https://mnemonikon.ru/images/Demo_ok/000-099/697.jpg,697 - ШеРСть
698,https://mnemonikon.ru/images/Demo_ok/000-099/698.jpg,698 - ШаРФ
699,https://mnemonikon.ru/images/Demo_ok/000-099/699.jpg,699 - Штанген-ЦиРкуль
700,https://mnemonikon.ru/images/Demo_ok/000-099/700.jpg,700 - оСьМиНог
701,https://mnemonikon.ru/images/Demo_ok/000-099/701.jpg,701 - СНеЖинка
702,https://mnemonikon.ru/images/Demo_ok/000-099/702.jpg,702 - ЗоНТ
703,https://mnemonikon.ru/images/Demo_ok/000-099/703.jpg,703 - СуМКа
704,https://mnemonikon.ru/images/Demo_ok/000-099/704.jpg,704 - СМыЧок
705,https://mnemonikon.ru/images/Demo_ok/000-099/705.jpg,705 - СоМБреро
706,https://mnemonikon.ru/images/Demo_ok/000-099/706.jpg,706 - СаМоЛет
707,https://mnemonikon.ru/images/Demo_ok/000-099/707.jpg,707 - ЗаМаЗка
708,https://mnemonikon.ru/images/Demo_ok/000-099/708.jpg,708 - СаМоВар
709,https://mnemonikon.ru/images/Demo_ok/000-099/709.jpg,709 - СМоРодина
710,https://mnemonikon.ru/images/Demo_ok/000-099/710.jpg,710 - ЗаЖиМ
711,https://mnemonikon.ru/images/Demo_ok/000-099/711.jpg,711 - ЗаЖиГалка
712,https://mnemonikon.ru/images/Demo_ok/000-099/712.jpg,712 - ЗаГоТовка
713,https://mnemonikon.ru/images/Demo_ok/000-099/713.jpg,713 - СайГаК
714,https://mnemonikon.ru/images/Demo_ok/000-099/714.jpg,714 - СГуЩенка
715,https://mnemonikon.ru/images/Demo_ok/000-099/715.jpg,715 - иЗГиБ
716,https://mnemonikon.ru/images/Demo_ok/000-099/716.jpg,716 - ЗаГЛушка
717,https://mnemonikon.ru/images/Demo_ok/000-099/717.jpg,717 - ЗаГС
718,https://mnemonikon.ru/images/Demo_ok/000-099/718.jpg,718 - ЗаГоВор
719,https://mnemonikon.ru/images/Demo_ok/000-099/719.jpg,719 - СиГаРеты
720,https://mnemonikon.ru/images/Demo_ok/000-099/720.jpg,720 - СТаНок
721,https://mnemonikon.ru/images/Demo_ok/000-099/721.jpg,721 - СТоГ
722,https://mnemonikon.ru/images/Demo_ok/000-099/722.jpg,722 - СТаТуэтка
723,https://mnemonikon.ru/images/Demo_ok/000-099/723.jpg,723 - СТаКан
724,https://mnemonikon.ru/images/Demo_ok/000-099/724.jpg,724 - ЗаТоЧка
725,https://mnemonikon.ru/images/Demo_ok/000-099/725.jpg,725 - СТоП
726,https://mnemonikon.ru/images/Demo_ok/000-099/726.jpg,726 - СТуЛ
727,https://mnemonikon.ru/images/Demo_ok/000-099/727.jpg,727 - СаДиСт
728,https://mnemonikon.ru/images/Demo_ok/000-099/728.jpg,728 - СТаВни
729,https://mnemonikon.ru/images/Demo_ok/000-099/729.jpg,729 - СТРекоза
730,https://mnemonikon.ru/images/Demo_ok/000-099/730.jpg,730 - СеКуНдомер
731,https://mnemonikon.ru/images/Demo_ok/000-099/731.jpg,731 - Старая ХиЖина
732,https://mnemonikon.ru/images/Demo_ok/000-099/732.jpg,732 - СКаТ
733,https://mnemonikon.ru/images/Demo_ok/000-099/733.jpg,733 - СКаКалка
734,https://mnemonikon.ru/images/Demo_ok/000-099/734.jpg,734 - СеКаЧ
735,https://mnemonikon.ru/images/Demo_ok/000-099/735.jpg,735 - СКоБа
736,https://mnemonikon.ru/images/Demo_ok/000-099/736.jpg,736 - СКаЛка
737,https://mnemonikon.ru/images/Demo_ok/000-099/737.jpg,737 - СаКСофон
738,https://mnemonikon.ru/images/Demo_ok/000-099/738.jpg,738 - СКоВорода
739,https://mnemonikon.ru/images/Demo_ok/000-099/739.jpg,739 - СКРипка
740,https://mnemonikon.ru/images/Demo_ok/000-099/740.jpg,740 - ЗайЧоНок
741,https://mnemonikon.ru/images/Demo_ok/000-099/741.jpg,741 - СыЧуГ
742,https://mnemonikon.ru/images/Demo_ok/000-099/742.jpg,742 - СЧеТы
743,https://mnemonikon.ru/images/Demo_ok/000-099/743.jpg,743 - СуЧоК
744,https://mnemonikon.ru/images/Demo_ok/000-099/744.jpg,744 - СЧетЧик
745,https://mnemonikon.ru/images/Demo_ok/000-099/745.jpg,745 - Соли ЩеПотка
746,https://mnemonikon.ru/images/Demo_ok/000-099/746.jpg,746 - ЗаЩеЛка
747,https://mnemonikon.ru/images/Demo_ok/000-099/747.jpg,747 - ЗубоЧиСтки
748,https://mnemonikon.ru/images/Demo_ok/000-099/748.jpg,748 - СоЧиВо
749,https://mnemonikon.ru/images/Demo_ok/000-099/749.jpg,749 - ЗаЧаРованные
750,https://mnemonikon.ru/images/Demo_ok/000-099/750.jpg,750 - ЗаПоНка
751,https://mnemonikon.ru/images/Demo_ok/000-099/751.jpg,751 - СаПоГи
752,https://mnemonikon.ru/images/Demo_ok/000-099/752.jpg,752 - СПуТник
753,https://mnemonikon.ru/images/Demo_ok/000-099/753.jpg,753 - аЗБуКа
754,https://mnemonikon.ru/images/Demo_ok/000-099/754.jpg,754 - СПиЧки
755,https://mnemonikon.ru/images/Demo_ok/000-099/755.jpg,755 - СуППорт
756,https://mnemonikon.ru/images/Demo_ok/000-099/756.jpg,756 - ЗуБиЛо
757,https://mnemonikon.ru/images/Demo_ok/000-099/757.jpg,757 - ЗаПиСка
758,https://mnemonikon.ru/images/Demo_ok/000-099/758.jpg,758 - СаПФир
759,https://mnemonikon.ru/images/Demo_ok/000-099/759.jpg,759 - ЗаБоР
760,https://mnemonikon.ru/images/Demo_ok/000-099/760.jpg,760 - СЛоН
761,https://mnemonikon.ru/images/Demo_ok/000-099/761.jpg,761 - ЗаЛоГ
762,https://mnemonikon.ru/images/Demo_ok/000-099/762.jpg,762 - СЛайД
763,https://mnemonikon.ru/images/Demo_ok/000-099/763.jpg,763 - СуШКа
764,https://mnemonikon.ru/images/Demo_ok/000-099/764.jpg,764 - иЗЛуЧатель
765,https://mnemonikon.ru/images/Demo_ok/000-099/765.jpg,765 - СаЛьПа
766,https://mnemonikon.ru/images/Demo_ok/000-099/766.jpg,766 - СуШиЛка
767,https://mnemonikon.ru/images/Demo_ok/000-099/767.jpg,767 - СиЛоС
768,https://mnemonikon.ru/images/Demo_ok/000-099/768.jpg,768 - СЛиВа
769,https://mnemonikon.ru/images/Demo_ok/000-099/769.jpg,769 - иЗоЛяЦия
770,https://mnemonikon.ru/images/Demo_ok/000-099/770.jpg,770 - СоСНа
771,https://mnemonikon.ru/images/Demo_ok/000-099/771.jpg,771 - Снежный СуГроб
772,https://mnemonikon.ru/images/Demo_ok/000-099/772.jpg,772 - ЗаСТежка
773,https://mnemonikon.ru/images/Demo_ok/000-099/773.jpg,773 - СоСКа
774,https://mnemonikon.ru/images/Demo_ok/000-099/774.jpg,774 - СоСоЧек
775,https://mnemonikon.ru/images/Demo_ok/000-099/775.jpg,775 - Золотые ЗуБы
776,https://mnemonikon.ru/images/Demo_ok/000-099/776.jpg,776 - СоСуЛьки
777,https://mnemonikon.ru/images/Demo_ok/000-099/777.jpg,777 - СоСиСки
778,https://mnemonikon.ru/images/Demo_ok/000-099/778.jpg,778 - ЗаСоВ
779,https://mnemonikon.ru/images/Demo_ok/000-099/779.jpg,779 - ЗаЗоР
780,https://mnemonikon.ru/images/Demo_ok/000-099/780.jpg,780 - ЗВоНок
781,https://mnemonikon.ru/images/Demo_ok/000-099/781.jpg,781 - оСВеЖитель
782,https://mnemonikon.ru/images/Demo_ok/000-099/782.jpg,782 - СВеТофор
783,https://mnemonikon.ru/images/Demo_ok/000-099/783.jpg,783 - СВеКла
784,https://mnemonikon.ru/images/Demo_ok/000-099/784.jpg,784 - СВеЧа
785,https://mnemonikon.ru/images/Demo_ok/000-099/785.jpg,785 - СВоБода
786,https://mnemonikon.ru/images/Demo_ok/000-099/786.jpg,786 - СуФЛе
787,https://mnemonikon.ru/images/Demo_ok/000-099/787.jpg,787 - СВиСток
788,https://mnemonikon.ru/images/Demo_ok/000-099/788.jpg,788 - ЗаВиВка
789,https://mnemonikon.ru/images/Demo_ok/000-099/789.jpg,789 - СВеРло
790,https://mnemonikon.ru/images/Demo_ok/000-099/790.jpg,790 - СиРеНа
791,https://mnemonikon.ru/images/Demo_ok/000-099/791.jpg,791 - СеРьГа
792,https://mnemonikon.ru/images/Demo_ok/000-099/792.jpg,792 - СеРДце
793,https://mnemonikon.ru/images/Demo_ok/000-099/793.jpg,793 - ЗеРКало
794,https://mnemonikon.ru/images/Demo_ok/000-099/794.jpg,794 - СоРоЧка
795,https://mnemonikon.ru/images/Demo_ok/000-099/795.jpg,795 - СеРП
796,https://mnemonikon.ru/images/Demo_ok/000-099/796.jpg,796 - оСЦиЛлограф
797,https://mnemonikon.ru/images/Demo_ok/000-099/797.jpg,797 - СРеЗ
798,https://mnemonikon.ru/images/Demo_ok/000-099/798.jpg,798 - СеРВант
799,https://mnemonikon.ru/images/Demo_ok/000-099/799.jpg,799 - Стационарная РаЦия
800,https://mnemonikon.ru/images/Demo_ok/000-099/800.jpg,800 - ВаННа
801,https://mnemonikon.ru/images/Demo_ok/000-099/801.jpg,801 - ВиНоГрад
802,https://mnemonikon.ru/images/Demo_ok/000-099/802.jpg,802 - ВеНТилятор
803,https://mnemonikon.ru/images/Demo_ok/000-099/803.jpg,803 - ВеНиК
804,https://mnemonikon.ru/images/Demo_ok/000-099/804.jpg,804 - ВеНЧик
805,https://mnemonikon.ru/images/Demo_ok/000-099/805.jpg,805 - ВаМПир
806,https://mnemonikon.ru/images/Demo_ok/000-099/806.jpg,806 - ФиНиШ
807,https://mnemonikon.ru/images/Demo_ok/000-099/807.jpg,807 - ВНиЗ
808,https://mnemonikon.ru/images/Demo_ok/000-099/808.jpg,808 - ФаНФара
809,https://mnemonikon.ru/images/Demo_ok/000-099/809.jpg,809 - ФоНаРь
810,https://mnemonikon.ru/images/Demo_ok/000-099/810.jpg,810 - ВаГоНетка
811,https://mnemonikon.ru/images/Demo_ok/000-099/811.jpg,811 - ВыЖиГатель
812,https://mnemonikon.ru/images/Demo_ok/000-099/812.jpg,812 - ФаГоТ
813,https://mnemonikon.ru/images/Demo_ok/000-099/813.jpg,813 - Винт с ГайКой
814,https://mnemonikon.ru/images/Demo_ok/000-099/814.jpg,814 - коФейная ГуЩа
815,https://mnemonikon.ru/images/Demo_ok/000-099/815.jpg,815 - Винный ЖБан
816,https://mnemonikon.ru/images/Demo_ok/000-099/816.jpg,816 - Вареный ЖеЛток
817,https://mnemonikon.ru/images/Demo_ok/000-099/817.jpg,817 - ФуГаС
818,https://mnemonikon.ru/images/Demo_ok/000-099/818.jpg,818 - ВиГВам
819,https://mnemonikon.ru/images/Demo_ok/000-099/819.jpg,819 - ФиГуРы
820,https://mnemonikon.ru/images/Demo_ok/000-099/820.jpg,820 - аВТоМат
821,https://mnemonikon.ru/images/Demo_ok/000-099/821.jpg,821 - ФоТоГрафия
822,https://mnemonikon.ru/images/Demo_ok/000-099/822.jpg,822 - ФоТоТаймер
823,https://mnemonikon.ru/images/Demo_ok/000-099/823.jpg,823 - аВТоКар
824,https://mnemonikon.ru/images/Demo_ok/000-099/824.jpg,824 - ВеТоЧка
825,https://mnemonikon.ru/images/Demo_ok/000-099/825.jpg,825 - ФуТБолка
826,https://mnemonikon.ru/images/Demo_ok/000-099/826.jpg,826 - ФуТЛяр
827,https://mnemonikon.ru/images/Demo_ok/000-099/827.jpg,827 - Виниловый ДиСк
828,https://mnemonikon.ru/images/Demo_ok/000-099/828.jpg,828 - Фруктовый ТВорожок
829,https://mnemonikon.ru/images/Demo_ok/000-099/829.jpg,829 - ВеДРо
830,https://mnemonikon.ru/images/Demo_ok/000-099/830.jpg,830 - ФотоКаМера
831,https://mnemonikon.ru/images/Demo_ok/000-099/831.jpg,831 - 8 кг
832,https://mnemonikon.ru/images/Demo_ok/000-099/832.jpg,832 - ВыХоД
833,https://mnemonikon.ru/images/Demo_ok/000-099/833.jpg,833 - Воздушная КуКуруза
834,https://mnemonikon.ru/images/Demo_ok/000-099/834.jpg,834 - Высокие КаЧели
835,https://mnemonikon.ru/images/Demo_ok/000-099/835.jpg,835 - Вельветовая КеПка
836,https://mnemonikon.ru/images/Demo_ok/000-099/836.jpg,836 - ФаКеЛ
837,https://mnemonikon.ru/images/Demo_ok/000-099/837.jpg,837 - ФоКуС
838,https://mnemonikon.ru/images/Demo_ok/000-099/838.jpg,838 - Вязаная КоФта
839,https://mnemonikon.ru/images/Demo_ok/000-099/839.jpg,839 - ВаКЦина
840,https://mnemonikon.ru/images/Demo_ok/000-099/840.jpg,840 - Фарфоровый ЧайНик
841,https://mnemonikon.ru/images/Demo_ok/000-099/841.jpg,841 - ВеЧный оГонь
842,https://mnemonikon.ru/images/Demo_ok/000-099/842.jpg,842 - ВеЧный Двигатель
843,https://mnemonikon.ru/images/Demo_ok/000-099/843.jpg,843 - оВеЧКа
844,https://mnemonikon.ru/images/Demo_ok/000-099/844.jpg,844 - Филина ЧуЧело
845,https://mnemonikon.ru/images/Demo_ok/000-099/845.jpg,845 - Фигурные ЧиПсы
846,https://mnemonikon.ru/images/Demo_ok/000-099/846.jpg,846 - Вязаный ЧуЛок
847,https://mnemonikon.ru/images/Demo_ok/000-099/847.jpg,847 - оВоЩеСушилка
848,https://mnemonikon.ru/images/Demo_ok/000-099/848.jpg,848 - Вареный ЩаВель
849,https://mnemonikon.ru/images/Demo_ok/000-099/849.jpg,849 - оВоЩеРезка
850,https://mnemonikon.ru/images/Demo_ok/000-099/850.jpg,850 - ФотоБуМага
851,https://mnemonikon.ru/images/Demo_ok/000-099/851.jpg,851 - Вязаная ПуГовица
852,https://mnemonikon.ru/images/Demo_ok/000-099/852.jpg,852 - Велосипедная ПеДаль
853,https://mnemonikon.ru/images/Demo_ok/000-099/853.jpg,853 - Винни-ПуХ
854,https://mnemonikon.ru/images/Demo_ok/000-099/854.jpg,854 - ВыПеЧка
855,https://mnemonikon.ru/images/Demo_ok/000-099/855.jpg,855 - ФотоаППарат
856,https://mnemonikon.ru/images/Demo_ok/000-099/856.jpg,856 - ФотоПЛенка
857,https://mnemonikon.ru/images/Demo_ok/000-099/857.jpg,857 - ВыПиСка
858,https://mnemonikon.ru/images/Demo_ok/000-099/858.jpg,858 - Высокий ПуФик
859,https://mnemonikon.ru/images/Demo_ok/000-099/859.jpg,859 - ФБР
860,https://mnemonikon.ru/images/Demo_ok/000-099/860.jpg,860 - ВоЛаН
861,https://mnemonikon.ru/images/Demo_ok/000-099/861.jpg,861 - ФЛаГ
862,https://mnemonikon.ru/images/Demo_ok/000-099/862.jpg,862 - ФиЛьТр
863,https://mnemonikon.ru/images/Demo_ok/000-099/863.jpg,863 - ВаЛиК
864,https://mnemonikon.ru/images/Demo_ok/000-099/864.jpg,864 - ВоЛЧок
865,https://mnemonikon.ru/images/Demo_ok/000-099/865.jpg,865 - ФотоаЛьБом
866,https://mnemonikon.ru/images/Demo_ok/000-099/866.jpg,866 - ВеШаЛка
867,https://mnemonikon.ru/images/Demo_ok/000-099/867.jpg,867 - ВеЛоСипед
868,https://mnemonikon.ru/images/Demo_ok/000-099/868.jpg,868 - ВоЛьВо
869,https://mnemonikon.ru/images/Demo_ok/000-099/869.jpg,869 - Воздушный ШаР
870,https://mnemonikon.ru/images/Demo_ok/000-099/870.jpg,870 - ВаЗоН
871,https://mnemonikon.ru/images/Demo_ok/000-099/871.jpg,871 - оВСюГ
872,https://mnemonikon.ru/images/Demo_ok/000-099/872.jpg,872 - ВъеЗД
873,https://mnemonikon.ru/images/Demo_ok/000-099/873.jpg,873 - ФиЗиКа
874,https://mnemonikon.ru/images/Demo_ok/000-099/874.jpg,874 - ВаЗоЧка
875,https://mnemonikon.ru/images/Demo_ok/000-099/875.jpg,875 - ВСПышка
876,https://mnemonikon.ru/images/Demo_ok/000-099/876.jpg,876 - ФаСоЛь
877,https://mnemonikon.ru/images/Demo_ok/000-099/877.jpg,877 - ФоССа
878,https://mnemonikon.ru/images/Demo_ok/000-099/878.jpg,878 - ФоСФор
879,https://mnemonikon.ru/images/Demo_ok/000-099/879.jpg,879 - ВиЗиР
880,https://mnemonikon.ru/images/Demo_ok/000-099/880.jpg,880 - Виноградное ВиНо
881,https://mnemonikon.ru/images/Demo_ok/000-099/881.jpg,881 - Восковая ФиГура
882,https://mnemonikon.ru/images/Demo_ok/000-099/882.jpg,882 - Воздушная ВаТа
883,https://mnemonikon.ru/images/Demo_ok/000-099/883.jpg,883 - ВыВиХ
884,https://mnemonikon.ru/images/Demo_ok/000-099/884.jpg,884 - Вареные оВоЩи
885,https://mnemonikon.ru/images/Demo_ok/000-099/885.jpg,885 - Вяленая ВоБла
886,https://mnemonikon.ru/images/Demo_ok/000-099/886.jpg,886 - ВаФеЛьница
887,https://mnemonikon.ru/images/Demo_ok/000-099/887.jpg,887 - ВыВеСка
888,https://mnemonikon.ru/images/Demo_ok/000-099/888.jpg,888 - три восьмерки
889,https://mnemonikon.ru/images/Demo_ok/000-099/889.jpg,889 - ВВЦ
890,https://mnemonikon.ru/images/Demo_ok/000-099/890.jpg,890 - ФаРаоН
891,https://mnemonikon.ru/images/Demo_ok/000-099/891.jpg,891 - ФуРаЖка
892,https://mnemonikon.ru/images/Demo_ok/000-099/892.jpg,892 - ВеРТолет
893,https://mnemonikon.ru/images/Demo_ok/000-099/893.jpg,893 - аФРиКа
894,https://mnemonikon.ru/images/Demo_ok/000-099/894.jpg,894 - ВРаЧ
895,https://mnemonikon.ru/images/Demo_ok/000-099/895.jpg,895 - ВеРБлюд
896,https://mnemonikon.ru/images/Demo_ok/000-099/896.jpg,896 - ФаРШ
897,https://mnemonikon.ru/images/Demo_ok/000-099/897.jpg,897 - ФеРЗь
898,https://mnemonikon.ru/images/Demo_ok/000-099/898.jpg,898 - ВеРеВка
899,https://mnemonikon.ru/images/Demo_ok/000-099/899.jpg,899 - аВРоРа
900,https://mnemonikon.ru/images/Demo_ok/000-099/900.jpg,900 - РеМеНь
901,https://mnemonikon.ru/images/Demo_ok/000-099/901.jpg,901 - РиНГ
902,https://mnemonikon.ru/images/Demo_ok/000-099/902.jpg,902 - аРМаТура
903,https://mnemonikon.ru/images/Demo_ok/000-099/903.jpg,903 - РаМКа
904,https://mnemonikon.ru/images/Demo_ok/000-099/904.jpg,904 - РаНЧо
905,https://mnemonikon.ru/images/Demo_ok/000-099/905.jpg,905 - РоМБ
906,https://mnemonikon.ru/images/Demo_ok/000-099/906.jpg,906 - РоМаШка
907,https://mnemonikon.ru/images/Demo_ok/000-099/907.jpg,907 - оРужейное МаСло
908,https://mnemonikon.ru/images/Demo_ok/000-099/908.jpg,908 - ЦиНоВка
909,https://mnemonikon.ru/images/Demo_ok/000-099/909.jpg,909 - РаНеЦ
910,https://mnemonikon.ru/images/Demo_ok/000-099/910.jpg,910 - аРГаМак
911,https://mnemonikon.ru/images/Demo_ok/000-099/911.jpg,911 - РоГоЖа
912,https://mnemonikon.ru/images/Demo_ok/000-099/912.jpg,912 - РоГаТка
913,https://mnemonikon.ru/images/Demo_ok/000-099/913.jpg,913 - РоЖоК
914,https://mnemonikon.ru/images/Demo_ok/000-099/914.jpg,914 - РоГаЧ
915,https://mnemonikon.ru/images/Demo_ok/000-099/915.jpg,915 - РеГБи
916,https://mnemonikon.ru/images/Demo_ok/000-099/916.jpg,916 - иеРоГЛиф
917,https://mnemonikon.ru/images/Demo_ok/000-099/917.jpg,917 - ленин
918,https://mnemonikon.ru/images/Demo_ok/000-099/918.jpg,918 - РЖаВчина
919,https://mnemonikon.ru/images/Demo_ok/000-099/919.jpg,919 - РоЖиЦа
920,https://mnemonikon.ru/images/Demo_ok/000-099/920.jpg,920 - оРДеН
921,https://mnemonikon.ru/images/Demo_ok/000-099/921.jpg,921 - РаДуГа
922,https://mnemonikon.ru/images/Demo_ok/000-099/922.jpg,922 - РаДиаТор
923,https://mnemonikon.ru/images/Demo_ok/000-099/923.jpg,923 - РеДьКа
924,https://mnemonikon.ru/images/Demo_ok/000-099/924.jpg,924 - РадиоТоЧка
925,https://mnemonikon.ru/images/Demo_ok/000-099/925.jpg,925 - Резиновая ДуБинка
926,https://mnemonikon.ru/images/Demo_ok/000-099/926.jpg,926 - РеТуШь
927,https://mnemonikon.ru/images/Demo_ok/000-099/927.jpg,927 - РеДиСка
928,https://mnemonikon.ru/images/Demo_ok/000-099/928.jpg,928 - аРТеФакт
929,https://mnemonikon.ru/images/Demo_ok/000-099/929.jpg,929 - РаДаР
930,https://mnemonikon.ru/images/Demo_ok/000-099/930.jpg,930 - РуКоМойник
931,https://mnemonikon.ru/images/Demo_ok/000-099/931.jpg,931 - Рваная КоЖа
932,https://mnemonikon.ru/images/Demo_ok/000-099/932.jpg,932 - РаКеТа
933,https://mnemonikon.ru/images/Demo_ok/000-099/933.jpg,933 - оРеХоКол
934,https://mnemonikon.ru/images/Demo_ok/000-099/934.jpg,934 - Розовые КаЧели
935,https://mnemonikon.ru/images/Demo_ok/000-099/935.jpg,935 - РуКоПись
936,https://mnemonikon.ru/images/Demo_ok/000-099/936.jpg,936 - ЦиКЛя
937,https://mnemonikon.ru/images/Demo_ok/000-099/937.jpg,937 - РюКЗак
938,https://mnemonikon.ru/images/Demo_ok/000-099/938.jpg,938 - РаКоВина
939,https://mnemonikon.ru/images/Demo_ok/000-099/939.jpg,939 - РеКоРд
940,https://mnemonikon.ru/images/Demo_ok/000-099/940.jpg,940 - РуЧНой (эспандер)
941,https://mnemonikon.ru/images/Demo_ok/000-099/941.jpg,941 - РыЧаГ
942,https://mnemonikon.ru/images/Demo_ok/000-099/942.jpg,942 - Резиновая ЩеТка
943,https://mnemonikon.ru/images/Demo_ok/000-099/943.jpg,943 - РуЧКа
944,https://mnemonikon.ru/images/Demo_ok/000-099/944.jpg,944 - Румяные ЩеЧки
945,https://mnemonikon.ru/images/Demo_ok/000-099/945.jpg,945 - Розовый ЧеПчик
946,https://mnemonikon.ru/images/Demo_ok/000-099/946.jpg,946 - Русская ЧаШа
947,https://mnemonikon.ru/images/Demo_ok/000-099/947.jpg,947 - РадиоЧаСы
948,https://mnemonikon.ru/images/Demo_ok/000-099/948.jpg,948 - РуЧной Фонарик
949,https://mnemonikon.ru/images/Demo_ok/000-099/949.jpg,949 - РуЧной Радар
950,https://mnemonikon.ru/images/Demo_ok/000-099/950.jpg,950 - РуБаНок
951,https://mnemonikon.ru/images/Demo_ok/000-099/951.jpg,951 - Рукав ПоЖарный
952,https://mnemonikon.ru/images/Demo_ok/000-099/952.jpg,952 - РоБоТ
953,https://mnemonikon.ru/images/Demo_ok/000-099/953.jpg,953 - РыБКа
954,https://mnemonikon.ru/images/Demo_ok/000-099/954.jpg,954 - РяБЧик
955,https://mnemonikon.ru/images/Demo_ok/000-099/955.jpg,955 - Ром-БаБа
956,https://mnemonikon.ru/images/Demo_ok/000-099/956.jpg,956 - аРБаЛет
957,https://mnemonikon.ru/images/Demo_ok/000-099/957.jpg,957 - аРБуЗ
958,https://mnemonikon.ru/images/Demo_ok/000-099/958.jpg,958 - Разливное ПиВо
959,https://mnemonikon.ru/images/Demo_ok/000-099/959.jpg,959 - РуПоР
960,https://mnemonikon.ru/images/Demo_ok/000-099/960.jpg,960 - ЦиЛиНдр
961,https://mnemonikon.ru/images/Demo_ok/000-099/961.jpg,961 - Цветочный ЛуГ
962,https://mnemonikon.ru/images/Demo_ok/000-099/962.jpg,962 - РуЛеТка
963,https://mnemonikon.ru/images/Demo_ok/000-099/963.jpg,963 - РоЛиКи
964,https://mnemonikon.ru/images/Demo_ok/000-099/964.jpg,964 - Цилиндр и ЛиЧинка
965,https://mnemonikon.ru/images/Demo_ok/000-099/965.jpg,965 - РаШПиль
966,https://mnemonikon.ru/images/Demo_ok/000-099/966.jpg,966 - Резиновый ШЛанг
967,https://mnemonikon.ru/images/Demo_ok/000-099/967.jpg,967 - РеЛьСы
968,https://mnemonikon.ru/images/Demo_ok/000-099/968.jpg,968 - РеЛьеФ
969,https://mnemonikon.ru/images/Demo_ok/000-099/969.jpg,969 - Розовый ШаРик
970,https://mnemonikon.ru/images/Demo_ok/000-099/970.jpg,970 - РеСНицы
971,https://mnemonikon.ru/images/Demo_ok/000-099/971.jpg,971 - РоЗГи
972,https://mnemonikon.ru/images/Demo_ok/000-099/972.jpg,972 - РоЗеТка
973,https://mnemonikon.ru/images/Demo_ok/000-099/973.jpg,973 - иРиСКи
974,https://mnemonikon.ru/images/Demo_ok/000-099/974.jpg,974 - РоЗоЧка
975,https://mnemonikon.ru/images/Demo_ok/000-099/975.jpg,975 - РеСПиратор
976,https://mnemonikon.ru/images/Demo_ok/000-099/976.jpg,976 - РуСаЛка
977,https://mnemonikon.ru/images/Demo_ok/000-099/977.jpg,977 - РеЗиСтор
978,https://mnemonikon.ru/images/Demo_ok/000-099/978.jpg,978 - РейСФедер
979,https://mnemonikon.ru/images/Demo_ok/000-099/979.jpg,979 - РеЗеЦ
980,https://mnemonikon.ru/images/Demo_ok/000-099/980.jpg,980 - РеВуН
981,https://mnemonikon.ru/images/Demo_ok/000-099/981.jpg,981 - Цветные ФиГуры
982,https://mnemonikon.ru/images/Demo_ok/000-099/982.jpg,982 - ЦВеТок
983,https://mnemonikon.ru/images/Demo_ok/000-099/983.jpg,983 - РаФиК
984,https://mnemonikon.ru/images/Demo_ok/000-099/984.jpg,984 - Розовая оВЧина
985,https://mnemonikon.ru/images/Demo_ok/000-099/985.jpg,985 - РиФленая Бумага
986,https://mnemonikon.ru/images/Demo_ok/000-099/986.jpg,986 - РеФЛектор
987,https://mnemonikon.ru/images/Demo_ok/000-099/987.jpg,987 - Цифровые ВеСы
988,https://mnemonikon.ru/images/Demo_ok/000-099/988.jpg,988 - ЦВетной Фартук
989,https://mnemonikon.ru/images/Demo_ok/000-099/989.jpg,989 - ЦиФеРблат
990,https://mnemonikon.ru/images/Demo_ok/000-099/990.jpg,990 - оРанжевая уРНа
991,https://mnemonikon.ru/images/Demo_ok/000-099/991.jpg,991 - оРанжевая оРиГами
992,https://mnemonikon.ru/images/Demo_ok/000-099/992.jpg,992 - аРаРаТ
993,https://mnemonikon.ru/images/Demo_ok/000-099/993.jpg,993 - ЦиРКуль
994,https://mnemonikon.ru/images/Demo_ok/000-099/994.jpg,994 - Цветные РуЧки
995,https://mnemonikon.ru/images/Demo_ok/000-099/995.jpg,995 - РеЦеПт
996,https://mnemonikon.ru/images/Demo_ok/000-099/996.jpg,996 - РоРШах
997,https://mnemonikon.ru/images/Demo_ok/000-099/997.jpg,997 - Ржавая ЦиСтерна
998,https://mnemonikon.ru/images/Demo_ok/000-099/998.jpg,998 - ЦаРеВна
999,https://mnemonikon.ru/images/Demo_ok/000-099/999.jpg,999 - РыЦаРь
