urls = ["https://mnemonikon.ru/images/Demo_ok/000-099/001.jpg",
"https://mnemonikon.ru/images/Demo_ok/000-099/002.jpg",
"https://mnemonikon.ru/images/Demo_ok/000-099/003.jpg",
"https://mnemonikon.ru/images/Demo_ok/000-099/004.jpg",
"https://mnemonikon.ru/images/Demo_ok/000-099/005.jpg",
"https://mnemonikon.ru/images/Demo_ok/000-099/006.jpg",
"https://mnemonikon.ru/images/Demo_ok/000-099/007.jpg",
"https://mnemonikon.ru/images/Demo_ok/000-099/008.jpg",
"https://mnemonikon.ru/images/Demo_ok/000-099/009.jpg",
"https://mnemonikon.ru/images/Demo_ok/000-099/010.jpg",
"https://mnemonikon.ru/images/Demo_ok/000-099/011.jpg",
"https://mnemonikon.ru/images/Demo_ok/000-099/012.jpg",
"https://mnemonikon.ru/images/Demo_ok/000-099/013.jpg",
"https://mnemonikon.ru/images/Demo_ok/000-099/014.jpg",
"https://mnemonikon.ru/images/Demo_ok/000-099/015.jpg",
"https://mnemonikon.ru/images/Demo_ok/000-099/016.jpg",
"https://mnemonikon.ru/images/Demo_ok/000-099/017.jpg",
"https://mnemonikon.ru/images/Demo_ok/000-099/018.jpg",
"https://mnemonikon.ru/images/Demo_ok/000-099/019.jpg",
"https://mnemonikon.ru/images/Demo_ok/000-099/020.jpg",
"https://mnemonikon.ru/images/Demo_ok/000-099/021.jpg",
"https://mnemonikon.ru/images/Demo_ok/000-099/022.jpg",
"https://mnemonikon.ru/images/Demo_ok/000-099/023.jpg",
"https://mnemonikon.ru/images/Demo_ok/000-099/024.jpg",
"https://mnemonikon.ru/images/Demo_ok/000-099/025.jpg",
"https://mnemonikon.ru/images/Demo_ok/000-099/026.jpg",
"https://mnemonikon.ru/images/Demo_ok/000-099/027.jpg",
"https://mnemonikon.ru/images/Demo_ok/000-099/028.jpg",
"https://mnemonikon.ru/images/Demo_ok/000-099/029.jpg",
"https://mnemonikon.ru/images/Demo_ok/000-099/030.jpg",
"https://mnemonikon.ru/images/Demo_ok/000-099/031.jpg",
"https://mnemonikon.ru/images/Demo_ok/000-099/032.jpg",
"https://mnemonikon.ru/images/Demo_ok/000-099/033.jpg",
"https://mnemonikon.ru/images/Demo_ok/000-099/034.jpg",
"https://mnemonikon.ru/images/Demo_ok/000-099/035.jpg",
"https://mnemonikon.ru/images/Demo_ok/000-099/036.jpg",
"https://mnemonikon.ru/images/Demo_ok/000-099/037.jpg",
"https://mnemonikon.ru/images/Demo_ok/000-099/038.jpg",
"https://mnemonikon.ru/images/Demo_ok/000-099/039.jpg",
"https://mnemonikon.ru/images/Demo_ok/000-099/040.jpg",
"https://mnemonikon.ru/images/Demo_ok/000-099/041.jpg",
"https://mnemonikon.ru/images/Demo_ok/000-099/042.jpg",
"https://mnemonikon.ru/images/Demo_ok/000-099/043.jpg",
"https://mnemonikon.ru/images/Demo_ok/000-099/044.jpg",
"https://mnemonikon.ru/images/Demo_ok/000-099/045.jpg",
"https://mnemonikon.ru/images/Demo_ok/000-099/046.jpg",
"https://mnemonikon.ru/images/Demo_ok/000-099/047.jpg",
"https://mnemonikon.ru/images/Demo_ok/000-099/048.jpg",
"https://mnemonikon.ru/images/Demo_ok/000-099/049.jpg",
"https://mnemonikon.ru/images/Demo_ok/000-099/050.jpg",
"https://mnemonikon.ru/images/Demo_ok/000-099/051.jpg",
"https://mnemonikon.ru/images/Demo_ok/000-099/052.jpg",
"https://mnemonikon.ru/images/Demo_ok/000-099/053.jpg",
"https://mnemonikon.ru/images/Demo_ok/000-099/054.jpg",
"https://mnemonikon.ru/images/Demo_ok/000-099/055.jpg",
"https://mnemonikon.ru/images/Demo_ok/000-099/056.jpg",
"https://mnemonikon.ru/images/Demo_ok/000-099/057.jpg",
"https://mnemonikon.ru/images/Demo_ok/000-099/058.jpg",
"https://mnemonikon.ru/images/Demo_ok/000-099/059.jpg",
"https://mnemonikon.ru/images/Demo_ok/000-099/060.jpg",
"https://mnemonikon.ru/images/Demo_ok/000-099/061.jpg",
"https://mnemonikon.ru/images/Demo_ok/000-099/062.jpg",
"https://mnemonikon.ru/images/Demo_ok/000-099/063.jpg",
"https://mnemonikon.ru/images/Demo_ok/000-099/064.jpg",
"https://mnemonikon.ru/images/Demo_ok/000-099/065.jpg",
"https://mnemonikon.ru/images/Demo_ok/000-099/066.jpg",
"https://mnemonikon.ru/images/Demo_ok/000-099/067.jpg",
"https://mnemonikon.ru/images/Demo_ok/000-099/068.jpg",
"https://mnemonikon.ru/images/Demo_ok/000-099/069.jpg",
"https://mnemonikon.ru/images/Demo_ok/000-099/070.jpg",
"https://mnemonikon.ru/images/Demo_ok/000-099/071.jpg",
"https://mnemonikon.ru/images/Demo_ok/000-099/072.jpg",
"https://mnemonikon.ru/images/Demo_ok/000-099/073.jpg",
"https://mnemonikon.ru/images/Demo_ok/000-099/074.jpg",
"https://mnemonikon.ru/images/Demo_ok/000-099/075.jpg",
"https://mnemonikon.ru/images/Demo_ok/000-099/076.jpg",
"https://mnemonikon.ru/images/Demo_ok/000-099/077.jpg",
"https://mnemonikon.ru/images/Demo_ok/000-099/078.jpg",
"https://mnemonikon.ru/images/Demo_ok/000-099/079.jpg",
"https://mnemonikon.ru/images/Demo_ok/000-099/080.jpg",
"https://mnemonikon.ru/images/Demo_ok/000-099/081.jpg",
"https://mnemonikon.ru/images/Demo_ok/000-099/082.jpg",
"https://mnemonikon.ru/images/Demo_ok/000-099/083.jpg",
"https://mnemonikon.ru/images/Demo_ok/000-099/084.jpg",
"https://mnemonikon.ru/images/Demo_ok/000-099/085.jpg",
"https://mnemonikon.ru/images/Demo_ok/000-099/086.jpg",
"https://mnemonikon.ru/images/Demo_ok/000-099/087.jpg",
"https://mnemonikon.ru/images/Demo_ok/000-099/088.jpg",
"https://mnemonikon.ru/images/Demo_ok/000-099/089.jpg",
"https://mnemonikon.ru/images/Demo_ok/000-099/090.jpg",
"https://mnemonikon.ru/images/Demo_ok/000-099/091.jpg",
"https://mnemonikon.ru/images/Demo_ok/000-099/092.jpg",
"https://mnemonikon.ru/images/Demo_ok/000-099/093.jpg",
"https://mnemonikon.ru/images/Demo_ok/000-099/094.jpg",
"https://mnemonikon.ru/images/Demo_ok/000-099/095.jpg",
"https://mnemonikon.ru/images/Demo_ok/000-099/096.jpg",
"https://mnemonikon.ru/images/Demo_ok/000-099/097.jpg",
"https://mnemonikon.ru/images/Demo_ok/000-099/098.jpg",
"https://mnemonikon.ru/images/Demo_ok/000-099/099.jpg",
"https://mnemonikon.ru/images/Demo_ok/000-099/100.jpg",
"https://mnemonikon.ru/images/Demo_ok/000-099/101.jpg",
"https://mnemonikon.ru/images/Demo_ok/000-099/102.jpg",
"https://mnemonikon.ru/images/Demo_ok/000-099/103.jpg",
"https://mnemonikon.ru/images/Demo_ok/000-099/104.jpg",
"https://mnemonikon.ru/images/Demo_ok/000-099/105.jpg",
"https://mnemonikon.ru/images/Demo_ok/000-099/106.jpg",
"https://mnemonikon.ru/images/Demo_ok/000-099/107.jpg",
"https://mnemonikon.ru/images/Demo_ok/000-099/108.jpg",
"https://mnemonikon.ru/images/Demo_ok/000-099/109.jpg",
"https://mnemonikon.ru/images/Demo_ok/000-099/110.jpg",
"https://mnemonikon.ru/images/Demo_ok/000-099/111.jpg",
"https://mnemonikon.ru/images/Demo_ok/000-099/112.jpg",
"https://mnemonikon.ru/images/Demo_ok/000-099/113.jpg",
"https://mnemonikon.ru/images/Demo_ok/000-099/114.jpg",
"https://mnemonikon.ru/images/Demo_ok/000-099/115.jpg",
"https://mnemonikon.ru/images/Demo_ok/000-099/116.jpg",
"https://mnemonikon.ru/images/Demo_ok/000-099/117.jpg",
"https://mnemonikon.ru/images/Demo_ok/000-099/118.jpg",
"https://mnemonikon.ru/images/Demo_ok/000-099/119.jpg",
"https://mnemonikon.ru/images/Demo_ok/000-099/120.jpg",
"https://mnemonikon.ru/images/Demo_ok/000-099/121.jpg",
"https://mnemonikon.ru/images/Demo_ok/000-099/122.jpg",
"https://mnemonikon.ru/images/Demo_ok/000-099/123.jpg",
"https://mnemonikon.ru/images/Demo_ok/000-099/124.jpg",
"https://mnemonikon.ru/images/Demo_ok/000-099/125.jpg",
"https://mnemonikon.ru/images/Demo_ok/000-099/126.jpg",
"https://mnemonikon.ru/images/Demo_ok/000-099/127.jpg",
"https://mnemonikon.ru/images/Demo_ok/000-099/128.jpg",
"https://mnemonikon.ru/images/Demo_ok/000-099/129.jpg",
"https://mnemonikon.ru/images/Demo_ok/000-099/130.jpg",
"https://mnemonikon.ru/images/Demo_ok/000-099/131.jpg",
"https://mnemonikon.ru/images/Demo_ok/000-099/132.jpg",
"https://mnemonikon.ru/images/Demo_ok/000-099/133.jpg",
"https://mnemonikon.ru/images/Demo_ok/000-099/134.jpg",
"https://mnemonikon.ru/images/Demo_ok/000-099/135.jpg",
"https://mnemonikon.ru/images/Demo_ok/000-099/136.jpg",
"https://mnemonikon.ru/images/Demo_ok/000-099/137.jpg",
"https://mnemonikon.ru/images/Demo_ok/000-099/138.jpg",
"https://mnemonikon.ru/images/Demo_ok/000-099/139.jpg",
"https://mnemonikon.ru/images/Demo_ok/000-099/140.jpg",
"https://mnemonikon.ru/images/Demo_ok/000-099/141.jpg",
"https://mnemonikon.ru/images/Demo_ok/000-099/142.jpg",
"https://mnemonikon.ru/images/Demo_ok/000-099/143.jpg",
"https://mnemonikon.ru/images/Demo_ok/000-099/144.jpg",
"https://mnemonikon.ru/images/Demo_ok/000-099/145.jpg",
"https://mnemonikon.ru/images/Demo_ok/000-099/146.jpg",
"https://mnemonikon.ru/images/Demo_ok/000-099/147.jpg",
"https://mnemonikon.ru/images/Demo_ok/000-099/148.jpg",
"https://mnemonikon.ru/images/Demo_ok/000-099/149.jpg",
"https://mnemonikon.ru/images/Demo_ok/000-099/150.jpg",
"https://mnemonikon.ru/images/Demo_ok/000-099/151.jpg",
"https://mnemonikon.ru/images/Demo_ok/000-099/152.jpg",
"https://mnemonikon.ru/images/Demo_ok/000-099/153.jpg",
"https://mnemonikon.ru/images/Demo_ok/000-099/154.jpg",
"https://mnemonikon.ru/images/Demo_ok/000-099/155.jpg",
"https://mnemonikon.ru/images/Demo_ok/000-099/156.jpg",
"https://mnemonikon.ru/images/Demo_ok/000-099/157.jpg",
"https://mnemonikon.ru/images/Demo_ok/000-099/158.jpg",
"https://mnemonikon.ru/images/Demo_ok/000-099/159.jpg",
"https://mnemonikon.ru/images/Demo_ok/000-099/160.jpg",
"https://mnemonikon.ru/images/Demo_ok/000-099/161.jpg",
"https://mnemonikon.ru/images/Demo_ok/000-099/162.jpg",
"https://mnemonikon.ru/images/Demo_ok/000-099/163.jpg",
"https://mnemonikon.ru/images/Demo_ok/000-099/164.jpg",
"https://mnemonikon.ru/images/Demo_ok/000-099/165.jpg",
"https://mnemonikon.ru/images/Demo_ok/000-099/166.jpg",
"https://mnemonikon.ru/images/Demo_ok/000-099/167.jpg",
"https://mnemonikon.ru/images/Demo_ok/000-099/168.jpg",
"https://mnemonikon.ru/images/Demo_ok/000-099/169.jpg",
"https://mnemonikon.ru/images/Demo_ok/000-099/170.jpg",
"https://mnemonikon.ru/images/Demo_ok/000-099/171.jpg",
"https://mnemonikon.ru/images/Demo_ok/000-099/172.jpg",
"https://mnemonikon.ru/images/Demo_ok/000-099/173.jpg",
"https://mnemonikon.ru/images/Demo_ok/000-099/174.jpg",
"https://mnemonikon.ru/images/Demo_ok/000-099/175.jpg",
"https://mnemonikon.ru/images/Demo_ok/000-099/176.jpg",
"https://mnemonikon.ru/images/Demo_ok/000-099/177.jpg",
"https://mnemonikon.ru/images/Demo_ok/000-099/178.jpg",
"https://mnemonikon.ru/images/Demo_ok/000-099/179.jpg",
"https://mnemonikon.ru/images/Demo_ok/000-099/180.jpg",
"https://mnemonikon.ru/images/Demo_ok/000-099/181.jpg",
"https://mnemonikon.ru/images/Demo_ok/000-099/182.jpg",
"https://mnemonikon.ru/images/Demo_ok/000-099/183.jpg",
"https://mnemonikon.ru/images/Demo_ok/000-099/184.jpg",
"https://mnemonikon.ru/images/Demo_ok/000-099/185.jpg",
"https://mnemonikon.ru/images/Demo_ok/000-099/186.jpg",
"https://mnemonikon.ru/images/Demo_ok/000-099/187.jpg",
"https://mnemonikon.ru/images/Demo_ok/000-099/188.jpg",
"https://mnemonikon.ru/images/Demo_ok/000-099/189.jpg",
"https://mnemonikon.ru/images/Demo_ok/000-099/190.jpg",
"https://mnemonikon.ru/images/Demo_ok/000-099/191.jpg",
"https://mnemonikon.ru/images/Demo_ok/000-099/192.jpg",
"https://mnemonikon.ru/images/Demo_ok/000-099/193.jpg",
"https://mnemonikon.ru/images/Demo_ok/000-099/194.jpg",
"https://mnemonikon.ru/images/Demo_ok/000-099/195.jpg",
"https://mnemonikon.ru/images/Demo_ok/000-099/196.jpg",
"https://mnemonikon.ru/images/Demo_ok/000-099/197.jpg",
"https://mnemonikon.ru/images/Demo_ok/000-099/198.jpg",
"https://mnemonikon.ru/images/Demo_ok/000-099/199.jpg",
"https://mnemonikon.ru/images/Demo_ok/000-099/200.jpg",
"https://mnemonikon.ru/images/Demo_ok/000-099/201.jpg",
"https://mnemonikon.ru/images/Demo_ok/000-099/202.jpg",
"https://mnemonikon.ru/images/Demo_ok/000-099/203.jpg",
"https://mnemonikon.ru/images/Demo_ok/000-099/204.jpg",
"https://mnemonikon.ru/images/Demo_ok/000-099/205.jpg",
"https://mnemonikon.ru/images/Demo_ok/000-099/206.jpg",
"https://mnemonikon.ru/images/Demo_ok/000-099/207.jpg",
"https://mnemonikon.ru/images/Demo_ok/000-099/208.jpg",
"https://mnemonikon.ru/images/Demo_ok/000-099/209.jpg",
"https://mnemonikon.ru/images/Demo_ok/000-099/210.jpg",
"https://mnemonikon.ru/images/Demo_ok/000-099/211.jpg",
"https://mnemonikon.ru/images/Demo_ok/000-099/212.jpg",
"https://mnemonikon.ru/images/Demo_ok/000-099/213.jpg",
"https://mnemonikon.ru/images/Demo_ok/000-099/214.jpg",
"https://mnemonikon.ru/images/Demo_ok/000-099/215.jpg",
"https://mnemonikon.ru/images/Demo_ok/000-099/216.jpg",
"https://mnemonikon.ru/images/Demo_ok/000-099/217.jpg",
"https://mnemonikon.ru/images/Demo_ok/000-099/218.jpg",
"https://mnemonikon.ru/images/Demo_ok/000-099/219.jpg",
"https://mnemonikon.ru/images/Demo_ok/000-099/220.jpg",
"https://mnemonikon.ru/images/Demo_ok/000-099/221.jpg",
"https://mnemonikon.ru/images/Demo_ok/000-099/222.jpg",
"https://mnemonikon.ru/images/Demo_ok/000-099/223.jpg",
"https://mnemonikon.ru/images/Demo_ok/000-099/224.jpg",
"https://mnemonikon.ru/images/Demo_ok/000-099/225.jpg",
"https://mnemonikon.ru/images/Demo_ok/000-099/226.jpg",
"https://mnemonikon.ru/images/Demo_ok/000-099/227.jpg",
"https://mnemonikon.ru/images/Demo_ok/000-099/228.jpg",
"https://mnemonikon.ru/images/Demo_ok/000-099/229.jpg",
"https://mnemonikon.ru/images/Demo_ok/000-099/230.jpg",
"https://mnemonikon.ru/images/Demo_ok/000-099/231.jpg",
"https://mnemonikon.ru/images/Demo_ok/000-099/232.jpg",
"https://mnemonikon.ru/images/Demo_ok/000-099/233.jpg",
"https://mnemonikon.ru/images/Demo_ok/000-099/234.jpg",
"https://mnemonikon.ru/images/Demo_ok/000-099/235.jpg",
"https://mnemonikon.ru/images/Demo_ok/000-099/236.jpg",
"https://mnemonikon.ru/images/Demo_ok/000-099/237.jpg",
"https://mnemonikon.ru/images/Demo_ok/000-099/238.jpg",
"https://mnemonikon.ru/images/Demo_ok/000-099/239.jpg",
"https://mnemonikon.ru/images/Demo_ok/000-099/240.jpg",
"https://mnemonikon.ru/images/Demo_ok/000-099/241.jpg",
"https://mnemonikon.ru/images/Demo_ok/000-099/242.jpg",
"https://mnemonikon.ru/images/Demo_ok/000-099/243.jpg",
"https://mnemonikon.ru/images/Demo_ok/000-099/244.jpg",
"https://mnemonikon.ru/images/Demo_ok/000-099/245.jpg",
"https://mnemonikon.ru/images/Demo_ok/000-099/246.jpg",
"https://mnemonikon.ru/images/Demo_ok/000-099/247.jpg",
"https://mnemonikon.ru/images/Demo_ok/000-099/248.jpg",
"https://mnemonikon.ru/images/Demo_ok/000-099/249.jpg",
"https://mnemonikon.ru/images/Demo_ok/000-099/250.jpg",
"https://mnemonikon.ru/images/Demo_ok/000-099/251.jpg",
"https://mnemonikon.ru/images/Demo_ok/000-099/252.jpg",
"https://mnemonikon.ru/images/Demo_ok/000-099/253.jpg",
"https://mnemonikon.ru/images/Demo_ok/000-099/254.jpg",
"https://mnemonikon.ru/images/Demo_ok/000-099/255.jpg",
"https://mnemonikon.ru/images/Demo_ok/000-099/256.jpg",
"https://mnemonikon.ru/images/Demo_ok/000-099/257.jpg",
"https://mnemonikon.ru/images/Demo_ok/000-099/258.jpg",
"https://mnemonikon.ru/images/Demo_ok/000-099/259.jpg",
"https://mnemonikon.ru/images/Demo_ok/000-099/260.jpg",
"https://mnemonikon.ru/images/Demo_ok/000-099/261.jpg",
"https://mnemonikon.ru/images/Demo_ok/000-099/262.jpg",
"https://mnemonikon.ru/images/Demo_ok/000-099/263.jpg",
"https://mnemonikon.ru/images/Demo_ok/000-099/264.jpg",
"https://mnemonikon.ru/images/Demo_ok/000-099/265.jpg",
"https://mnemonikon.ru/images/Demo_ok/000-099/266.jpg",
"https://mnemonikon.ru/images/Demo_ok/000-099/267.jpg",
"https://mnemonikon.ru/images/Demo_ok/000-099/268.jpg",
"https://mnemonikon.ru/images/Demo_ok/000-099/269.jpg",
"https://mnemonikon.ru/images/Demo_ok/000-099/270.jpg",
"https://mnemonikon.ru/images/Demo_ok/000-099/271.jpg",
"https://mnemonikon.ru/images/Demo_ok/000-099/272.jpg",
"https://mnemonikon.ru/images/Demo_ok/000-099/273.jpg",
"https://mnemonikon.ru/images/Demo_ok/000-099/274.jpg",
"https://mnemonikon.ru/images/Demo_ok/000-099/275.jpg",
"https://mnemonikon.ru/images/Demo_ok/000-099/276.jpg",
"https://mnemonikon.ru/images/Demo_ok/000-099/277.jpg",
"https://mnemonikon.ru/images/Demo_ok/000-099/278.jpg",
"https://mnemonikon.ru/images/Demo_ok/000-099/279.jpg",
"https://mnemonikon.ru/images/Demo_ok/000-099/280.jpg",
"https://mnemonikon.ru/images/Demo_ok/000-099/281.jpg",
"https://mnemonikon.ru/images/Demo_ok/000-099/282.jpg",
"https://mnemonikon.ru/images/Demo_ok/000-099/283.jpg",
"https://mnemonikon.ru/images/Demo_ok/000-099/284.jpg",
"https://mnemonikon.ru/images/Demo_ok/000-099/285.jpg",
"https://mnemonikon.ru/images/Demo_ok/000-099/286.jpg",
"https://mnemonikon.ru/images/Demo_ok/000-099/287.jpg",
"https://mnemonikon.ru/images/Demo_ok/000-099/288.jpg",
"https://mnemonikon.ru/images/Demo_ok/000-099/289.jpg",
"https://mnemonikon.ru/images/Demo_ok/000-099/290.jpg",
"https://mnemonikon.ru/images/Demo_ok/000-099/291.jpg",
"https://mnemonikon.ru/images/Demo_ok/000-099/292.jpg",
"https://mnemonikon.ru/images/Demo_ok/000-099/293.jpg",
"https://mnemonikon.ru/images/Demo_ok/000-099/294.jpg",
"https://mnemonikon.ru/images/Demo_ok/000-099/295.jpg",
"https://mnemonikon.ru/images/Demo_ok/000-099/296.jpg",
"https://mnemonikon.ru/images/Demo_ok/000-099/297.jpg",
"https://mnemonikon.ru/images/Demo_ok/000-099/298.jpg",
"https://mnemonikon.ru/images/Demo_ok/000-099/299.jpg",
"https://mnemonikon.ru/images/Demo_ok/000-099/300.jpg",
"https://mnemonikon.ru/images/Demo_ok/000-099/301.jpg",
"https://mnemonikon.ru/images/Demo_ok/000-099/302.jpg",
"https://mnemonikon.ru/images/Demo_ok/000-099/303.jpg",
"https://mnemonikon.ru/images/Demo_ok/000-099/304.jpg",
"https://mnemonikon.ru/images/Demo_ok/000-099/305.jpg",
"https://mnemonikon.ru/images/Demo_ok/000-099/306.jpg",
"https://mnemonikon.ru/images/Demo_ok/000-099/307.jpg",
"https://mnemonikon.ru/images/Demo_ok/000-099/308.jpg",
"https://mnemonikon.ru/images/Demo_ok/000-099/309.jpg",
"https://mnemonikon.ru/images/Demo_ok/000-099/310.jpg",
"https://mnemonikon.ru/images/Demo_ok/000-099/311.jpg",
"https://mnemonikon.ru/images/Demo_ok/000-099/312.jpg",
"https://mnemonikon.ru/images/Demo_ok/000-099/313.jpg",
"https://mnemonikon.ru/images/Demo_ok/000-099/314.jpg",
"https://mnemonikon.ru/images/Demo_ok/000-099/315.jpg",
"https://mnemonikon.ru/images/Demo_ok/000-099/316.jpg",
"https://mnemonikon.ru/images/Demo_ok/000-099/317.jpg",
"https://mnemonikon.ru/images/Demo_ok/000-099/318.jpg",
"https://mnemonikon.ru/images/Demo_ok/000-099/319.jpg",
"https://mnemonikon.ru/images/Demo_ok/000-099/320.jpg",
"https://mnemonikon.ru/images/Demo_ok/000-099/321.jpg",
"https://mnemonikon.ru/images/Demo_ok/000-099/322.jpg",
"https://mnemonikon.ru/images/Demo_ok/000-099/323.jpg",
"https://mnemonikon.ru/images/Demo_ok/000-099/324.jpg",
"https://mnemonikon.ru/images/Demo_ok/000-099/325.jpg",
"https://mnemonikon.ru/images/Demo_ok/000-099/326.jpg",
"https://mnemonikon.ru/images/Demo_ok/000-099/327.jpg",
"https://mnemonikon.ru/images/Demo_ok/000-099/328.jpg",
"https://mnemonikon.ru/images/Demo_ok/000-099/329.jpg",
"https://mnemonikon.ru/images/Demo_ok/000-099/330.jpg",
"https://mnemonikon.ru/images/Demo_ok/000-099/331.jpg",
"https://mnemonikon.ru/images/Demo_ok/000-099/332.jpg",
"https://mnemonikon.ru/images/Demo_ok/000-099/333.jpg",
"https://mnemonikon.ru/images/Demo_ok/000-099/334.jpg",
"https://mnemonikon.ru/images/Demo_ok/000-099/335.jpg",
"https://mnemonikon.ru/images/Demo_ok/000-099/336.jpg",
"https://mnemonikon.ru/images/Demo_ok/000-099/337.jpg",
"https://mnemonikon.ru/images/Demo_ok/000-099/338.jpg",
"https://mnemonikon.ru/images/Demo_ok/000-099/339.jpg",
"https://mnemonikon.ru/images/Demo_ok/000-099/340.jpg",
"https://mnemonikon.ru/images/Demo_ok/000-099/341.jpg",
"https://mnemonikon.ru/images/Demo_ok/000-099/342.jpg",
"https://mnemonikon.ru/images/Demo_ok/000-099/343.jpg",
"https://mnemonikon.ru/images/Demo_ok/000-099/344.jpg",
"https://mnemonikon.ru/images/Demo_ok/000-099/345.jpg",
"https://mnemonikon.ru/images/Demo_ok/000-099/346.jpg",
"https://mnemonikon.ru/images/Demo_ok/000-099/347.jpg",
"https://mnemonikon.ru/images/Demo_ok/000-099/348.jpg",
"https://mnemonikon.ru/images/Demo_ok/000-099/349.jpg",
"https://mnemonikon.ru/images/Demo_ok/000-099/350.jpg",
"https://mnemonikon.ru/images/Demo_ok/000-099/351.jpg",
"https://mnemonikon.ru/images/Demo_ok/000-099/352.jpg",
"https://mnemonikon.ru/images/Demo_ok/000-099/353.jpg",
"https://mnemonikon.ru/images/Demo_ok/000-099/354.jpg",
"https://mnemonikon.ru/images/Demo_ok/000-099/355.jpg",
"https://mnemonikon.ru/images/Demo_ok/000-099/356.jpg",
"https://mnemonikon.ru/images/Demo_ok/000-099/357.jpg",
"https://mnemonikon.ru/images/Demo_ok/000-099/358.jpg",
"https://mnemonikon.ru/images/Demo_ok/000-099/359.jpg",
"https://mnemonikon.ru/images/Demo_ok/000-099/360.jpg",
"https://mnemonikon.ru/images/Demo_ok/000-099/361.jpg",
"https://mnemonikon.ru/images/Demo_ok/000-099/362.jpg",
"https://mnemonikon.ru/images/Demo_ok/000-099/363.jpg",
"https://mnemonikon.ru/images/Demo_ok/000-099/364.jpg",
"https://mnemonikon.ru/images/Demo_ok/000-099/365.jpg",
"https://mnemonikon.ru/images/Demo_ok/000-099/366.jpg",
"https://mnemonikon.ru/images/Demo_ok/000-099/367.jpg",
"https://mnemonikon.ru/images/Demo_ok/000-099/368.jpg",
"https://mnemonikon.ru/images/Demo_ok/000-099/369.jpg",
"https://mnemonikon.ru/images/Demo_ok/000-099/370.jpg",
"https://mnemonikon.ru/images/Demo_ok/000-099/371.jpg",
"https://mnemonikon.ru/images/Demo_ok/000-099/372.jpg",
"https://mnemonikon.ru/images/Demo_ok/000-099/373.jpg",
"https://mnemonikon.ru/images/Demo_ok/000-099/374.jpg",
"https://mnemonikon.ru/images/Demo_ok/000-099/375.jpg",
"https://mnemonikon.ru/images/Demo_ok/000-099/376.jpg",
"https://mnemonikon.ru/images/Demo_ok/000-099/377.jpg",
"https://mnemonikon.ru/images/Demo_ok/000-099/378.jpg",
"https://mnemonikon.ru/images/Demo_ok/000-099/379.jpg",
"https://mnemonikon.ru/images/Demo_ok/000-099/380.jpg",
"https://mnemonikon.ru/images/Demo_ok/000-099/381.jpg",
"https://mnemonikon.ru/images/Demo_ok/000-099/382.jpg",
"https://mnemonikon.ru/images/Demo_ok/000-099/383.jpg",
"https://mnemonikon.ru/images/Demo_ok/000-099/384.jpg",
"https://mnemonikon.ru/images/Demo_ok/000-099/385.jpg",
"https://mnemonikon.ru/images/Demo_ok/000-099/386.jpg",
"https://mnemonikon.ru/images/Demo_ok/000-099/387.jpg",
"https://mnemonikon.ru/images/Demo_ok/000-099/388.jpg",
"https://mnemonikon.ru/images/Demo_ok/000-099/389.jpg",
"https://mnemonikon.ru/images/Demo_ok/000-099/390.jpg",
"https://mnemonikon.ru/images/Demo_ok/000-099/391.jpg",
"https://mnemonikon.ru/images/Demo_ok/000-099/392.jpg",
"https://mnemonikon.ru/images/Demo_ok/000-099/393.jpg",
"https://mnemonikon.ru/images/Demo_ok/000-099/394.jpg",
"https://mnemonikon.ru/images/Demo_ok/000-099/395.jpg",
"https://mnemonikon.ru/images/Demo_ok/000-099/396.jpg",
"https://mnemonikon.ru/images/Demo_ok/000-099/397.jpg",
"https://mnemonikon.ru/images/Demo_ok/000-099/398.jpg",
"https://mnemonikon.ru/images/Demo_ok/000-099/399.jpg",
"https://mnemonikon.ru/images/Demo_ok/000-099/400.jpg",
"https://mnemonikon.ru/images/Demo_ok/000-099/401.jpg",
"https://mnemonikon.ru/images/Demo_ok/000-099/402.jpg",
"https://mnemonikon.ru/images/Demo_ok/000-099/403.jpg",
"https://mnemonikon.ru/images/Demo_ok/000-099/404.jpg",
"https://mnemonikon.ru/images/Demo_ok/000-099/405.jpg",
"https://mnemonikon.ru/images/Demo_ok/000-099/406.jpg",
"https://mnemonikon.ru/images/Demo_ok/000-099/407.jpg",
"https://mnemonikon.ru/images/Demo_ok/000-099/408.jpg",
"https://mnemonikon.ru/images/Demo_ok/000-099/409.jpg",
"https://mnemonikon.ru/images/Demo_ok/000-099/410.jpg",
"https://mnemonikon.ru/images/Demo_ok/000-099/411.jpg",
"https://mnemonikon.ru/images/Demo_ok/000-099/412.jpg",
"https://mnemonikon.ru/images/Demo_ok/000-099/413.jpg",
"https://mnemonikon.ru/images/Demo_ok/000-099/414.jpg",
"https://mnemonikon.ru/images/Demo_ok/000-099/415.jpg",
"https://mnemonikon.ru/images/Demo_ok/000-099/416.jpg",
"https://mnemonikon.ru/images/Demo_ok/000-099/417.jpg",
"https://mnemonikon.ru/images/Demo_ok/000-099/418.jpg",
"https://mnemonikon.ru/images/Demo_ok/000-099/419.jpg",
"https://mnemonikon.ru/images/Demo_ok/000-099/420.jpg",
"https://mnemonikon.ru/images/Demo_ok/000-099/421.jpg",
"https://mnemonikon.ru/images/Demo_ok/000-099/422.jpg",
"https://mnemonikon.ru/images/Demo_ok/000-099/423.jpg",
"https://mnemonikon.ru/images/Demo_ok/000-099/424.jpg",
"https://mnemonikon.ru/images/Demo_ok/000-099/425.jpg",
"https://mnemonikon.ru/images/Demo_ok/000-099/426.jpg",
"https://mnemonikon.ru/images/Demo_ok/000-099/427.jpg",
"https://mnemonikon.ru/images/Demo_ok/000-099/428.jpg",
"https://mnemonikon.ru/images/Demo_ok/000-099/429.jpg",
"https://mnemonikon.ru/images/Demo_ok/000-099/430.jpg",
"https://mnemonikon.ru/images/Demo_ok/000-099/431.jpg",
"https://mnemonikon.ru/images/Demo_ok/000-099/432.jpg",
"https://mnemonikon.ru/images/Demo_ok/000-099/433.jpg",
"https://mnemonikon.ru/images/Demo_ok/000-099/434.jpg",
"https://mnemonikon.ru/images/Demo_ok/000-099/435.jpg",
"https://mnemonikon.ru/images/Demo_ok/000-099/436.jpg",
"https://mnemonikon.ru/images/Demo_ok/000-099/437.jpg",
"https://mnemonikon.ru/images/Demo_ok/000-099/438.jpg",
"https://mnemonikon.ru/images/Demo_ok/000-099/439.jpg",
"https://mnemonikon.ru/images/Demo_ok/000-099/440.jpg",
"https://mnemonikon.ru/images/Demo_ok/000-099/441.jpg",
"https://mnemonikon.ru/images/Demo_ok/000-099/442.jpg",
"https://mnemonikon.ru/images/Demo_ok/000-099/443.jpg",
"https://mnemonikon.ru/images/Demo_ok/000-099/444.jpg",
"https://mnemonikon.ru/images/Demo_ok/000-099/445.jpg",
"https://mnemonikon.ru/images/Demo_ok/000-099/446.jpg",
"https://mnemonikon.ru/images/Demo_ok/000-099/447.jpg",
"https://mnemonikon.ru/images/Demo_ok/000-099/448.jpg",
"https://mnemonikon.ru/images/Demo_ok/000-099/449.jpg",
"https://mnemonikon.ru/images/Demo_ok/000-099/450.jpg",
"https://mnemonikon.ru/images/Demo_ok/000-099/451.jpg",
"https://mnemonikon.ru/images/Demo_ok/000-099/452.jpg",
"https://mnemonikon.ru/images/Demo_ok/000-099/453.jpg",
"https://mnemonikon.ru/images/Demo_ok/000-099/454.jpg",
"https://mnemonikon.ru/images/Demo_ok/000-099/455.jpg",
"https://mnemonikon.ru/images/Demo_ok/000-099/456.jpg",
"https://mnemonikon.ru/images/Demo_ok/000-099/457.jpg",
"https://mnemonikon.ru/images/Demo_ok/000-099/458.jpg",
"https://mnemonikon.ru/images/Demo_ok/000-099/459.jpg",
"https://mnemonikon.ru/images/Demo_ok/000-099/460.jpg",
"https://mnemonikon.ru/images/Demo_ok/000-099/461.jpg",
"https://mnemonikon.ru/images/Demo_ok/000-099/462.jpg",
"https://mnemonikon.ru/images/Demo_ok/000-099/463.jpg",
"https://mnemonikon.ru/images/Demo_ok/000-099/464.jpg",
"https://mnemonikon.ru/images/Demo_ok/000-099/465.jpg",
"https://mnemonikon.ru/images/Demo_ok/000-099/466.jpg",
"https://mnemonikon.ru/images/Demo_ok/000-099/467.jpg",
"https://mnemonikon.ru/images/Demo_ok/000-099/468.jpg",
"https://mnemonikon.ru/images/Demo_ok/000-099/469.jpg",
"https://mnemonikon.ru/images/Demo_ok/000-099/470.jpg",
"https://mnemonikon.ru/images/Demo_ok/000-099/471.jpg",
"https://mnemonikon.ru/images/Demo_ok/000-099/472.jpg",
"https://mnemonikon.ru/images/Demo_ok/000-099/473.jpg",
"https://mnemonikon.ru/images/Demo_ok/000-099/474.jpg",
"https://mnemonikon.ru/images/Demo_ok/000-099/475.jpg",
"https://mnemonikon.ru/images/Demo_ok/000-099/476.jpg",
"https://mnemonikon.ru/images/Demo_ok/000-099/477.jpg",
"https://mnemonikon.ru/images/Demo_ok/000-099/478.jpg",
"https://mnemonikon.ru/images/Demo_ok/000-099/479.jpg",
"https://mnemonikon.ru/images/Demo_ok/000-099/480.jpg",
"https://mnemonikon.ru/images/Demo_ok/000-099/481.jpg",
"https://mnemonikon.ru/images/Demo_ok/000-099/482.jpg",
"https://mnemonikon.ru/images/Demo_ok/000-099/483.jpg",
"https://mnemonikon.ru/images/Demo_ok/000-099/484.jpg",
"https://mnemonikon.ru/images/Demo_ok/000-099/485.jpg",
"https://mnemonikon.ru/images/Demo_ok/000-099/486.jpg",
"https://mnemonikon.ru/images/Demo_ok/000-099/487.jpg",
"https://mnemonikon.ru/images/Demo_ok/000-099/488.jpg",
"https://mnemonikon.ru/images/Demo_ok/000-099/489.jpg",
"https://mnemonikon.ru/images/Demo_ok/000-099/490.jpg",
"https://mnemonikon.ru/images/Demo_ok/000-099/491.jpg",
"https://mnemonikon.ru/images/Demo_ok/000-099/492.jpg",
"https://mnemonikon.ru/images/Demo_ok/000-099/493.jpg",
"https://mnemonikon.ru/images/Demo_ok/000-099/494.jpg",
"https://mnemonikon.ru/images/Demo_ok/000-099/495.jpg",
"https://mnemonikon.ru/images/Demo_ok/000-099/496.jpg",
"https://mnemonikon.ru/images/Demo_ok/000-099/497.jpg",
"https://mnemonikon.ru/images/Demo_ok/000-099/498.jpg",
"https://mnemonikon.ru/images/Demo_ok/000-099/499.jpg",
"https://mnemonikon.ru/images/Demo_ok/000-099/500.jpg",
"https://mnemonikon.ru/images/Demo_ok/000-099/501.jpg",
"https://mnemonikon.ru/images/Demo_ok/000-099/502.jpg",
"https://mnemonikon.ru/images/Demo_ok/000-099/503.jpg",
"https://mnemonikon.ru/images/Demo_ok/000-099/504.jpg",
"https://mnemonikon.ru/images/Demo_ok/000-099/505.jpg",
"https://mnemonikon.ru/images/Demo_ok/000-099/506.jpg",
"https://mnemonikon.ru/images/Demo_ok/000-099/507.jpg",
"https://mnemonikon.ru/images/Demo_ok/000-099/508.jpg",
"https://mnemonikon.ru/images/Demo_ok/000-099/509.jpg",
"https://mnemonikon.ru/images/Demo_ok/000-099/510.jpg",
"https://mnemonikon.ru/images/Demo_ok/000-099/511.jpg",
"https://mnemonikon.ru/images/Demo_ok/000-099/512.jpg",
"https://mnemonikon.ru/images/Demo_ok/000-099/513.jpg",
"https://mnemonikon.ru/images/Demo_ok/000-099/514.jpg",
"https://mnemonikon.ru/images/Demo_ok/000-099/515.jpg",
"https://mnemonikon.ru/images/Demo_ok/000-099/516.jpg",
"https://mnemonikon.ru/images/Demo_ok/000-099/517.jpg",
"https://mnemonikon.ru/images/Demo_ok/000-099/518.jpg",
"https://mnemonikon.ru/images/Demo_ok/000-099/519.jpg",
"https://mnemonikon.ru/images/Demo_ok/000-099/520.jpg",
"https://mnemonikon.ru/images/Demo_ok/000-099/521.jpg",
"https://mnemonikon.ru/images/Demo_ok/000-099/522.jpg",
"https://mnemonikon.ru/images/Demo_ok/000-099/523.jpg",
"https://mnemonikon.ru/images/Demo_ok/000-099/524.jpg",
"https://mnemonikon.ru/images/Demo_ok/000-099/525.jpg",
"https://mnemonikon.ru/images/Demo_ok/000-099/526.jpg",
"https://mnemonikon.ru/images/Demo_ok/000-099/527.jpg",
"https://mnemonikon.ru/images/Demo_ok/000-099/528.jpg",
"https://mnemonikon.ru/images/Demo_ok/000-099/529.jpg",
"https://mnemonikon.ru/images/Demo_ok/000-099/530.jpg",
"https://mnemonikon.ru/images/Demo_ok/000-099/531.jpg",
"https://mnemonikon.ru/images/Demo_ok/000-099/532.jpg",
"https://mnemonikon.ru/images/Demo_ok/000-099/533.jpg",
"https://mnemonikon.ru/images/Demo_ok/000-099/534.jpg",
"https://mnemonikon.ru/images/Demo_ok/000-099/535.jpg",
"https://mnemonikon.ru/images/Demo_ok/000-099/536.jpg",
"https://mnemonikon.ru/images/Demo_ok/000-099/537.jpg",
"https://mnemonikon.ru/images/Demo_ok/000-099/538.jpg",
"https://mnemonikon.ru/images/Demo_ok/000-099/539.jpg",
"https://mnemonikon.ru/images/Demo_ok/000-099/540.jpg",
"https://mnemonikon.ru/images/Demo_ok/000-099/541.jpg",
"https://mnemonikon.ru/images/Demo_ok/000-099/542.jpg",
"https://mnemonikon.ru/images/Demo_ok/000-099/543.jpg",
"https://mnemonikon.ru/images/Demo_ok/000-099/544.jpg",
"https://mnemonikon.ru/images/Demo_ok/000-099/545.jpg",
"https://mnemonikon.ru/images/Demo_ok/000-099/546.jpg",
"https://mnemonikon.ru/images/Demo_ok/000-099/547.jpg",
"https://mnemonikon.ru/images/Demo_ok/000-099/548.jpg",
"https://mnemonikon.ru/images/Demo_ok/000-099/549.jpg",
"https://mnemonikon.ru/images/Demo_ok/000-099/550.jpg",
"https://mnemonikon.ru/images/Demo_ok/000-099/551.jpg",
"https://mnemonikon.ru/images/Demo_ok/000-099/552.jpg",
"https://mnemonikon.ru/images/Demo_ok/000-099/553.jpg",
"https://mnemonikon.ru/images/Demo_ok/000-099/554.jpg",
"https://mnemonikon.ru/images/Demo_ok/000-099/555.jpg",
"https://mnemonikon.ru/images/Demo_ok/000-099/556.jpg",
"https://mnemonikon.ru/images/Demo_ok/000-099/557.jpg",
"https://mnemonikon.ru/images/Demo_ok/000-099/558.jpg",
"https://mnemonikon.ru/images/Demo_ok/000-099/559.jpg",
"https://mnemonikon.ru/images/Demo_ok/000-099/560.jpg",
"https://mnemonikon.ru/images/Demo_ok/000-099/561.jpg",
"https://mnemonikon.ru/images/Demo_ok/000-099/562.jpg",
"https://mnemonikon.ru/images/Demo_ok/000-099/563.jpg",
"https://mnemonikon.ru/images/Demo_ok/000-099/564.jpg",
"https://mnemonikon.ru/images/Demo_ok/000-099/565.jpg",
"https://mnemonikon.ru/images/Demo_ok/000-099/566.jpg",
"https://mnemonikon.ru/images/Demo_ok/000-099/567.jpg",
"https://mnemonikon.ru/images/Demo_ok/000-099/568.jpg",
"https://mnemonikon.ru/images/Demo_ok/000-099/569.jpg",
"https://mnemonikon.ru/images/Demo_ok/000-099/570.jpg",
"https://mnemonikon.ru/images/Demo_ok/000-099/571.jpg",
"https://mnemonikon.ru/images/Demo_ok/000-099/572.jpg",
"https://mnemonikon.ru/images/Demo_ok/000-099/573.jpg",
"https://mnemonikon.ru/images/Demo_ok/000-099/574.jpg",
"https://mnemonikon.ru/images/Demo_ok/000-099/575.jpg",
"https://mnemonikon.ru/images/Demo_ok/000-099/576.jpg",
"https://mnemonikon.ru/images/Demo_ok/000-099/577.jpg",
"https://mnemonikon.ru/images/Demo_ok/000-099/578.jpg",
"https://mnemonikon.ru/images/Demo_ok/000-099/579.jpg",
"https://mnemonikon.ru/images/Demo_ok/000-099/580.jpg",
"https://mnemonikon.ru/images/Demo_ok/000-099/581.jpg",
"https://mnemonikon.ru/images/Demo_ok/000-099/582.jpg",
"https://mnemonikon.ru/images/Demo_ok/000-099/583.jpg",
"https://mnemonikon.ru/images/Demo_ok/000-099/584.jpg",
"https://mnemonikon.ru/images/Demo_ok/000-099/585.jpg",
"https://mnemonikon.ru/images/Demo_ok/000-099/586.jpg",
"https://mnemonikon.ru/images/Demo_ok/000-099/587.jpg",
"https://mnemonikon.ru/images/Demo_ok/000-099/588.jpg",
"https://mnemonikon.ru/images/Demo_ok/000-099/589.jpg",
"https://mnemonikon.ru/images/Demo_ok/000-099/590.jpg",
"https://mnemonikon.ru/images/Demo_ok/000-099/591.jpg",
"https://mnemonikon.ru/images/Demo_ok/000-099/592.jpg",
"https://mnemonikon.ru/images/Demo_ok/000-099/593.jpg",
"https://mnemonikon.ru/images/Demo_ok/000-099/594.jpg",
"https://mnemonikon.ru/images/Demo_ok/000-099/595.jpg",
"https://mnemonikon.ru/images/Demo_ok/000-099/596.jpg",
"https://mnemonikon.ru/images/Demo_ok/000-099/597.jpg",
"https://mnemonikon.ru/images/Demo_ok/000-099/598.jpg",
"https://mnemonikon.ru/images/Demo_ok/000-099/599.jpg",
"https://mnemonikon.ru/images/Demo_ok/000-099/600.jpg",
"https://mnemonikon.ru/images/Demo_ok/000-099/601.jpg",
"https://mnemonikon.ru/images/Demo_ok/000-099/602.jpg",
"https://mnemonikon.ru/images/Demo_ok/000-099/603.jpg",
"https://mnemonikon.ru/images/Demo_ok/000-099/604.jpg",
"https://mnemonikon.ru/images/Demo_ok/000-099/605.jpg",
"https://mnemonikon.ru/images/Demo_ok/000-099/606.jpg",
"https://mnemonikon.ru/images/Demo_ok/000-099/607.jpg",
"https://mnemonikon.ru/images/Demo_ok/000-099/608.jpg",
"https://mnemonikon.ru/images/Demo_ok/000-099/609.jpg",
"https://mnemonikon.ru/images/Demo_ok/000-099/610.jpg",
"https://mnemonikon.ru/images/Demo_ok/000-099/611.jpg",
"https://mnemonikon.ru/images/Demo_ok/000-099/612.jpg",
"https://mnemonikon.ru/images/Demo_ok/000-099/613.jpg",
"https://mnemonikon.ru/images/Demo_ok/000-099/614.jpg",
"https://mnemonikon.ru/images/Demo_ok/000-099/615.jpg",
"https://mnemonikon.ru/images/Demo_ok/000-099/616.jpg",
"https://mnemonikon.ru/images/Demo_ok/000-099/617.jpg",
"https://mnemonikon.ru/images/Demo_ok/000-099/618.jpg",
"https://mnemonikon.ru/images/Demo_ok/000-099/619.jpg",
"https://mnemonikon.ru/images/Demo_ok/000-099/620.jpg",
"https://mnemonikon.ru/images/Demo_ok/000-099/621.jpg",
"https://mnemonikon.ru/images/Demo_ok/000-099/622.jpg",
"https://mnemonikon.ru/images/Demo_ok/000-099/623.jpg",
"https://mnemonikon.ru/images/Demo_ok/000-099/624.jpg",
"https://mnemonikon.ru/images/Demo_ok/000-099/625.jpg",
"https://mnemonikon.ru/images/Demo_ok/000-099/626.jpg",
"https://mnemonikon.ru/images/Demo_ok/000-099/627.jpg",
"https://mnemonikon.ru/images/Demo_ok/000-099/628.jpg",
"https://mnemonikon.ru/images/Demo_ok/000-099/629.jpg",
"https://mnemonikon.ru/images/Demo_ok/000-099/630.jpg",
"https://mnemonikon.ru/images/Demo_ok/000-099/631.jpg",
"https://mnemonikon.ru/images/Demo_ok/000-099/632.jpg",
"https://mnemonikon.ru/images/Demo_ok/000-099/633.jpg",
"https://mnemonikon.ru/images/Demo_ok/000-099/634.jpg",
"https://mnemonikon.ru/images/Demo_ok/000-099/635.jpg",
"https://mnemonikon.ru/images/Demo_ok/000-099/636.jpg",
"https://mnemonikon.ru/images/Demo_ok/000-099/637.jpg",
"https://mnemonikon.ru/images/Demo_ok/000-099/638.jpg",
"https://mnemonikon.ru/images/Demo_ok/000-099/639.jpg",
"https://mnemonikon.ru/images/Demo_ok/000-099/640.jpg",
"https://mnemonikon.ru/images/Demo_ok/000-099/641.jpg",
"https://mnemonikon.ru/images/Demo_ok/000-099/642.jpg",
"https://mnemonikon.ru/images/Demo_ok/000-099/643.jpg",
"https://mnemonikon.ru/images/Demo_ok/000-099/644.jpg",
"https://mnemonikon.ru/images/Demo_ok/000-099/645.jpg",
"https://mnemonikon.ru/images/Demo_ok/000-099/646.jpg",
"https://mnemonikon.ru/images/Demo_ok/000-099/647.jpg",
"https://mnemonikon.ru/images/Demo_ok/000-099/648.jpg",
"https://mnemonikon.ru/images/Demo_ok/000-099/649.jpg",
"https://mnemonikon.ru/images/Demo_ok/000-099/650.jpg",
"https://mnemonikon.ru/images/Demo_ok/000-099/651.jpg",
"https://mnemonikon.ru/images/Demo_ok/000-099/652.jpg",
"https://mnemonikon.ru/images/Demo_ok/000-099/653.jpg",
"https://mnemonikon.ru/images/Demo_ok/000-099/654.jpg",
"https://mnemonikon.ru/images/Demo_ok/000-099/655.jpg",
"https://mnemonikon.ru/images/Demo_ok/000-099/656.jpg",
"https://mnemonikon.ru/images/Demo_ok/000-099/657.jpg",
"https://mnemonikon.ru/images/Demo_ok/000-099/658.jpg",
"https://mnemonikon.ru/images/Demo_ok/000-099/659.jpg",
"https://mnemonikon.ru/images/Demo_ok/000-099/660.jpg",
"https://mnemonikon.ru/images/Demo_ok/000-099/661.jpg",
"https://mnemonikon.ru/images/Demo_ok/000-099/662.jpg",
"https://mnemonikon.ru/images/Demo_ok/000-099/663.jpg",
"https://mnemonikon.ru/images/Demo_ok/000-099/664.jpg",
"https://mnemonikon.ru/images/Demo_ok/000-099/665.jpg",
"https://mnemonikon.ru/images/Demo_ok/000-099/666.jpg",
"https://mnemonikon.ru/images/Demo_ok/000-099/667.jpg",
"https://mnemonikon.ru/images/Demo_ok/000-099/668.jpg",
"https://mnemonikon.ru/images/Demo_ok/000-099/669.jpg",
"https://mnemonikon.ru/images/Demo_ok/000-099/670.jpg",
"https://mnemonikon.ru/images/Demo_ok/000-099/671.jpg",
"https://mnemonikon.ru/images/Demo_ok/000-099/672.jpg",
"https://mnemonikon.ru/images/Demo_ok/000-099/673.jpg",
"https://mnemonikon.ru/images/Demo_ok/000-099/674.jpg",
"https://mnemonikon.ru/images/Demo_ok/000-099/675.jpg",
"https://mnemonikon.ru/images/Demo_ok/000-099/676.jpg",
"https://mnemonikon.ru/images/Demo_ok/000-099/677.jpg",
"https://mnemonikon.ru/images/Demo_ok/000-099/678.jpg",
"https://mnemonikon.ru/images/Demo_ok/000-099/679.jpg",
"https://mnemonikon.ru/images/Demo_ok/000-099/680.jpg",
"https://mnemonikon.ru/images/Demo_ok/000-099/681.jpg",
"https://mnemonikon.ru/images/Demo_ok/000-099/682.jpg",
"https://mnemonikon.ru/images/Demo_ok/000-099/683.jpg",
"https://mnemonikon.ru/images/Demo_ok/000-099/684.jpg",
"https://mnemonikon.ru/images/Demo_ok/000-099/685.jpg",
"https://mnemonikon.ru/images/Demo_ok/000-099/686.jpg",
"https://mnemonikon.ru/images/Demo_ok/000-099/687.jpg",
"https://mnemonikon.ru/images/Demo_ok/000-099/688.jpg",
"https://mnemonikon.ru/images/Demo_ok/000-099/689.jpg",
"https://mnemonikon.ru/images/Demo_ok/000-099/690.jpg",
"https://mnemonikon.ru/images/Demo_ok/000-099/691.jpg",
"https://mnemonikon.ru/images/Demo_ok/000-099/692.jpg",
"https://mnemonikon.ru/images/Demo_ok/000-099/693.jpg",
"https://mnemonikon.ru/images/Demo_ok/000-099/694.jpg",
"https://mnemonikon.ru/images/Demo_ok/000-099/695.jpg",
"https://mnemonikon.ru/images/Demo_ok/000-099/696.jpg",
"https://mnemonikon.ru/images/Demo_ok/000-099/697.jpg",
"https://mnemonikon.ru/images/Demo_ok/000-099/698.jpg",
"https://mnemonikon.ru/images/Demo_ok/000-099/699.jpg",
"https://mnemonikon.ru/images/Demo_ok/000-099/700.jpg",
"https://mnemonikon.ru/images/Demo_ok/000-099/701.jpg",
"https://mnemonikon.ru/images/Demo_ok/000-099/702.jpg",
"https://mnemonikon.ru/images/Demo_ok/000-099/703.jpg",
"https://mnemonikon.ru/images/Demo_ok/000-099/704.jpg",
"https://mnemonikon.ru/images/Demo_ok/000-099/705.jpg",
"https://mnemonikon.ru/images/Demo_ok/000-099/706.jpg",
"https://mnemonikon.ru/images/Demo_ok/000-099/707.jpg",
"https://mnemonikon.ru/images/Demo_ok/000-099/708.jpg",
"https://mnemonikon.ru/images/Demo_ok/000-099/709.jpg",
"https://mnemonikon.ru/images/Demo_ok/000-099/710.jpg",
"https://mnemonikon.ru/images/Demo_ok/000-099/711.jpg",
"https://mnemonikon.ru/images/Demo_ok/000-099/712.jpg",
"https://mnemonikon.ru/images/Demo_ok/000-099/713.jpg",
"https://mnemonikon.ru/images/Demo_ok/000-099/714.jpg",
"https://mnemonikon.ru/images/Demo_ok/000-099/715.jpg",
"https://mnemonikon.ru/images/Demo_ok/000-099/716.jpg",
"https://mnemonikon.ru/images/Demo_ok/000-099/717.jpg",
"https://mnemonikon.ru/images/Demo_ok/000-099/718.jpg",
"https://mnemonikon.ru/images/Demo_ok/000-099/719.jpg",
"https://mnemonikon.ru/images/Demo_ok/000-099/720.jpg",
"https://mnemonikon.ru/images/Demo_ok/000-099/721.jpg",
"https://mnemonikon.ru/images/Demo_ok/000-099/722.jpg",
"https://mnemonikon.ru/images/Demo_ok/000-099/723.jpg",
"https://mnemonikon.ru/images/Demo_ok/000-099/724.jpg",
"https://mnemonikon.ru/images/Demo_ok/000-099/725.jpg",
"https://mnemonikon.ru/images/Demo_ok/000-099/726.jpg",
"https://mnemonikon.ru/images/Demo_ok/000-099/727.jpg",
"https://mnemonikon.ru/images/Demo_ok/000-099/728.jpg",
"https://mnemonikon.ru/images/Demo_ok/000-099/729.jpg",
"https://mnemonikon.ru/images/Demo_ok/000-099/730.jpg",
"https://mnemonikon.ru/images/Demo_ok/000-099/731.jpg",
"https://mnemonikon.ru/images/Demo_ok/000-099/732.jpg",
"https://mnemonikon.ru/images/Demo_ok/000-099/733.jpg",
"https://mnemonikon.ru/images/Demo_ok/000-099/734.jpg",
"https://mnemonikon.ru/images/Demo_ok/000-099/735.jpg",
"https://mnemonikon.ru/images/Demo_ok/000-099/736.jpg",
"https://mnemonikon.ru/images/Demo_ok/000-099/737.jpg",
"https://mnemonikon.ru/images/Demo_ok/000-099/738.jpg",
"https://mnemonikon.ru/images/Demo_ok/000-099/739.jpg",
"https://mnemonikon.ru/images/Demo_ok/000-099/740.jpg",
"https://mnemonikon.ru/images/Demo_ok/000-099/741.jpg",
"https://mnemonikon.ru/images/Demo_ok/000-099/742.jpg",
"https://mnemonikon.ru/images/Demo_ok/000-099/743.jpg",
"https://mnemonikon.ru/images/Demo_ok/000-099/744.jpg",
"https://mnemonikon.ru/images/Demo_ok/000-099/745.jpg",
"https://mnemonikon.ru/images/Demo_ok/000-099/746.jpg",
"https://mnemonikon.ru/images/Demo_ok/000-099/747.jpg",
"https://mnemonikon.ru/images/Demo_ok/000-099/748.jpg",
"https://mnemonikon.ru/images/Demo_ok/000-099/749.jpg",
"https://mnemonikon.ru/images/Demo_ok/000-099/750.jpg",
"https://mnemonikon.ru/images/Demo_ok/000-099/751.jpg",
"https://mnemonikon.ru/images/Demo_ok/000-099/752.jpg",
"https://mnemonikon.ru/images/Demo_ok/000-099/753.jpg",
"https://mnemonikon.ru/images/Demo_ok/000-099/754.jpg",
"https://mnemonikon.ru/images/Demo_ok/000-099/755.jpg",
"https://mnemonikon.ru/images/Demo_ok/000-099/756.jpg",
"https://mnemonikon.ru/images/Demo_ok/000-099/757.jpg",
"https://mnemonikon.ru/images/Demo_ok/000-099/758.jpg",
"https://mnemonikon.ru/images/Demo_ok/000-099/759.jpg",
"https://mnemonikon.ru/images/Demo_ok/000-099/760.jpg",
"https://mnemonikon.ru/images/Demo_ok/000-099/761.jpg",
"https://mnemonikon.ru/images/Demo_ok/000-099/762.jpg",
"https://mnemonikon.ru/images/Demo_ok/000-099/763.jpg",
"https://mnemonikon.ru/images/Demo_ok/000-099/764.jpg",
"https://mnemonikon.ru/images/Demo_ok/000-099/765.jpg",
"https://mnemonikon.ru/images/Demo_ok/000-099/766.jpg",
"https://mnemonikon.ru/images/Demo_ok/000-099/767.jpg",
"https://mnemonikon.ru/images/Demo_ok/000-099/768.jpg",
"https://mnemonikon.ru/images/Demo_ok/000-099/769.jpg",
"https://mnemonikon.ru/images/Demo_ok/000-099/770.jpg",
"https://mnemonikon.ru/images/Demo_ok/000-099/771.jpg",
"https://mnemonikon.ru/images/Demo_ok/000-099/772.jpg",
"https://mnemonikon.ru/images/Demo_ok/000-099/773.jpg",
"https://mnemonikon.ru/images/Demo_ok/000-099/774.jpg",
"https://mnemonikon.ru/images/Demo_ok/000-099/775.jpg",
"https://mnemonikon.ru/images/Demo_ok/000-099/776.jpg",
"https://mnemonikon.ru/images/Demo_ok/000-099/777.jpg",
"https://mnemonikon.ru/images/Demo_ok/000-099/778.jpg",
"https://mnemonikon.ru/images/Demo_ok/000-099/779.jpg",
"https://mnemonikon.ru/images/Demo_ok/000-099/780.jpg",
"https://mnemonikon.ru/images/Demo_ok/000-099/781.jpg",
"https://mnemonikon.ru/images/Demo_ok/000-099/782.jpg",
"https://mnemonikon.ru/images/Demo_ok/000-099/783.jpg",
"https://mnemonikon.ru/images/Demo_ok/000-099/784.jpg",
"https://mnemonikon.ru/images/Demo_ok/000-099/785.jpg",
"https://mnemonikon.ru/images/Demo_ok/000-099/786.jpg",
"https://mnemonikon.ru/images/Demo_ok/000-099/787.jpg",
"https://mnemonikon.ru/images/Demo_ok/000-099/788.jpg",
"https://mnemonikon.ru/images/Demo_ok/000-099/789.jpg",
"https://mnemonikon.ru/images/Demo_ok/000-099/790.jpg",
"https://mnemonikon.ru/images/Demo_ok/000-099/791.jpg",
"https://mnemonikon.ru/images/Demo_ok/000-099/792.jpg",
"https://mnemonikon.ru/images/Demo_ok/000-099/793.jpg",
"https://mnemonikon.ru/images/Demo_ok/000-099/794.jpg",
"https://mnemonikon.ru/images/Demo_ok/000-099/795.jpg",
"https://mnemonikon.ru/images/Demo_ok/000-099/796.jpg",
"https://mnemonikon.ru/images/Demo_ok/000-099/797.jpg",
"https://mnemonikon.ru/images/Demo_ok/000-099/798.jpg",
"https://mnemonikon.ru/images/Demo_ok/000-099/799.jpg",
"https://mnemonikon.ru/images/Demo_ok/000-099/800.jpg",
"https://mnemonikon.ru/images/Demo_ok/000-099/801.jpg",
"https://mnemonikon.ru/images/Demo_ok/000-099/802.jpg",
"https://mnemonikon.ru/images/Demo_ok/000-099/803.jpg",
"https://mnemonikon.ru/images/Demo_ok/000-099/804.jpg",
"https://mnemonikon.ru/images/Demo_ok/000-099/805.jpg",
"https://mnemonikon.ru/images/Demo_ok/000-099/806.jpg",
"https://mnemonikon.ru/images/Demo_ok/000-099/807.jpg",
"https://mnemonikon.ru/images/Demo_ok/000-099/808.jpg",
"https://mnemonikon.ru/images/Demo_ok/000-099/809.jpg",
"https://mnemonikon.ru/images/Demo_ok/000-099/810.jpg",
"https://mnemonikon.ru/images/Demo_ok/000-099/811.jpg",
"https://mnemonikon.ru/images/Demo_ok/000-099/812.jpg",
"https://mnemonikon.ru/images/Demo_ok/000-099/813.jpg",
"https://mnemonikon.ru/images/Demo_ok/000-099/814.jpg",
"https://mnemonikon.ru/images/Demo_ok/000-099/815.jpg",
"https://mnemonikon.ru/images/Demo_ok/000-099/816.jpg",
"https://mnemonikon.ru/images/Demo_ok/000-099/817.jpg",
"https://mnemonikon.ru/images/Demo_ok/000-099/818.jpg",
"https://mnemonikon.ru/images/Demo_ok/000-099/819.jpg",
"https://mnemonikon.ru/images/Demo_ok/000-099/820.jpg",
"https://mnemonikon.ru/images/Demo_ok/000-099/821.jpg",
"https://mnemonikon.ru/images/Demo_ok/000-099/822.jpg",
"https://mnemonikon.ru/images/Demo_ok/000-099/823.jpg",
"https://mnemonikon.ru/images/Demo_ok/000-099/824.jpg",
"https://mnemonikon.ru/images/Demo_ok/000-099/825.jpg",
"https://mnemonikon.ru/images/Demo_ok/000-099/826.jpg",
"https://mnemonikon.ru/images/Demo_ok/000-099/827.jpg",
"https://mnemonikon.ru/images/Demo_ok/000-099/828.jpg",
"https://mnemonikon.ru/images/Demo_ok/000-099/829.jpg",
"https://mnemonikon.ru/images/Demo_ok/000-099/830.jpg",
"https://mnemonikon.ru/images/Demo_ok/000-099/831.jpg",
"https://mnemonikon.ru/images/Demo_ok/000-099/832.jpg",
"https://mnemonikon.ru/images/Demo_ok/000-099/833.jpg",
"https://mnemonikon.ru/images/Demo_ok/000-099/834.jpg",
"https://mnemonikon.ru/images/Demo_ok/000-099/835.jpg",
"https://mnemonikon.ru/images/Demo_ok/000-099/836.jpg",
"https://mnemonikon.ru/images/Demo_ok/000-099/837.jpg",
"https://mnemonikon.ru/images/Demo_ok/000-099/838.jpg",
"https://mnemonikon.ru/images/Demo_ok/000-099/839.jpg",
"https://mnemonikon.ru/images/Demo_ok/000-099/840.jpg",
"https://mnemonikon.ru/images/Demo_ok/000-099/841.jpg",
"https://mnemonikon.ru/images/Demo_ok/000-099/842.jpg",
"https://mnemonikon.ru/images/Demo_ok/000-099/843.jpg",
"https://mnemonikon.ru/images/Demo_ok/000-099/844.jpg",
"https://mnemonikon.ru/images/Demo_ok/000-099/845.jpg",
"https://mnemonikon.ru/images/Demo_ok/000-099/846.jpg",
"https://mnemonikon.ru/images/Demo_ok/000-099/847.jpg",
"https://mnemonikon.ru/images/Demo_ok/000-099/848.jpg",
"https://mnemonikon.ru/images/Demo_ok/000-099/849.jpg",
"https://mnemonikon.ru/images/Demo_ok/000-099/850.jpg",
"https://mnemonikon.ru/images/Demo_ok/000-099/851.jpg",
"https://mnemonikon.ru/images/Demo_ok/000-099/852.jpg",
"https://mnemonikon.ru/images/Demo_ok/000-099/853.jpg",
"https://mnemonikon.ru/images/Demo_ok/000-099/854.jpg",
"https://mnemonikon.ru/images/Demo_ok/000-099/855.jpg",
"https://mnemonikon.ru/images/Demo_ok/000-099/856.jpg",
"https://mnemonikon.ru/images/Demo_ok/000-099/857.jpg",
"https://mnemonikon.ru/images/Demo_ok/000-099/858.jpg",
"https://mnemonikon.ru/images/Demo_ok/000-099/859.jpg",
"https://mnemonikon.ru/images/Demo_ok/000-099/860.jpg",
"https://mnemonikon.ru/images/Demo_ok/000-099/861.jpg",
"https://mnemonikon.ru/images/Demo_ok/000-099/862.jpg",
"https://mnemonikon.ru/images/Demo_ok/000-099/863.jpg",
"https://mnemonikon.ru/images/Demo_ok/000-099/864.jpg",
"https://mnemonikon.ru/images/Demo_ok/000-099/865.jpg",
"https://mnemonikon.ru/images/Demo_ok/000-099/866.jpg",
"https://mnemonikon.ru/images/Demo_ok/000-099/867.jpg",
"https://mnemonikon.ru/images/Demo_ok/000-099/868.jpg",
"https://mnemonikon.ru/images/Demo_ok/000-099/869.jpg",
"https://mnemonikon.ru/images/Demo_ok/000-099/870.jpg",
"https://mnemonikon.ru/images/Demo_ok/000-099/871.jpg",
"https://mnemonikon.ru/images/Demo_ok/000-099/872.jpg",
"https://mnemonikon.ru/images/Demo_ok/000-099/873.jpg",
"https://mnemonikon.ru/images/Demo_ok/000-099/874.jpg",
"https://mnemonikon.ru/images/Demo_ok/000-099/875.jpg",
"https://mnemonikon.ru/images/Demo_ok/000-099/876.jpg",
"https://mnemonikon.ru/images/Demo_ok/000-099/877.jpg",
"https://mnemonikon.ru/images/Demo_ok/000-099/878.jpg",
"https://mnemonikon.ru/images/Demo_ok/000-099/879.jpg",
"https://mnemonikon.ru/images/Demo_ok/000-099/880.jpg",
"https://mnemonikon.ru/images/Demo_ok/000-099/881.jpg",
"https://mnemonikon.ru/images/Demo_ok/000-099/882.jpg",
"https://mnemonikon.ru/images/Demo_ok/000-099/883.jpg",
"https://mnemonikon.ru/images/Demo_ok/000-099/884.jpg",
"https://mnemonikon.ru/images/Demo_ok/000-099/885.jpg",
"https://mnemonikon.ru/images/Demo_ok/000-099/886.jpg",
"https://mnemonikon.ru/images/Demo_ok/000-099/887.jpg",
"https://mnemonikon.ru/images/Demo_ok/000-099/888.jpg",
"https://mnemonikon.ru/images/Demo_ok/000-099/889.jpg",
"https://mnemonikon.ru/images/Demo_ok/000-099/890.jpg",
"https://mnemonikon.ru/images/Demo_ok/000-099/891.jpg",
"https://mnemonikon.ru/images/Demo_ok/000-099/892.jpg",
"https://mnemonikon.ru/images/Demo_ok/000-099/893.jpg",
"https://mnemonikon.ru/images/Demo_ok/000-099/894.jpg",
"https://mnemonikon.ru/images/Demo_ok/000-099/895.jpg",
"https://mnemonikon.ru/images/Demo_ok/000-099/896.jpg",
"https://mnemonikon.ru/images/Demo_ok/000-099/897.jpg",
"https://mnemonikon.ru/images/Demo_ok/000-099/898.jpg",
"https://mnemonikon.ru/images/Demo_ok/000-099/899.jpg",
"https://mnemonikon.ru/images/Demo_ok/000-099/900.jpg",
"https://mnemonikon.ru/images/Demo_ok/000-099/901.jpg",
"https://mnemonikon.ru/images/Demo_ok/000-099/902.jpg",
"https://mnemonikon.ru/images/Demo_ok/000-099/903.jpg",
"https://mnemonikon.ru/images/Demo_ok/000-099/904.jpg",
"https://mnemonikon.ru/images/Demo_ok/000-099/905.jpg",
"https://mnemonikon.ru/images/Demo_ok/000-099/906.jpg",
"https://mnemonikon.ru/images/Demo_ok/000-099/907.jpg",
"https://mnemonikon.ru/images/Demo_ok/000-099/908.jpg",
"https://mnemonikon.ru/images/Demo_ok/000-099/909.jpg",
"https://mnemonikon.ru/images/Demo_ok/000-099/910.jpg",
"https://mnemonikon.ru/images/Demo_ok/000-099/911.jpg",
"https://mnemonikon.ru/images/Demo_ok/000-099/912.jpg",
"https://mnemonikon.ru/images/Demo_ok/000-099/913.jpg",
"https://mnemonikon.ru/images/Demo_ok/000-099/914.jpg",
"https://mnemonikon.ru/images/Demo_ok/000-099/915.jpg",
"https://mnemonikon.ru/images/Demo_ok/000-099/916.jpg",
"https://mnemonikon.ru/images/Demo_ok/000-099/917.jpg",
"https://mnemonikon.ru/images/Demo_ok/000-099/918.jpg",
"https://mnemonikon.ru/images/Demo_ok/000-099/919.jpg",
"https://mnemonikon.ru/images/Demo_ok/000-099/920.jpg",
"https://mnemonikon.ru/images/Demo_ok/000-099/921.jpg",
"https://mnemonikon.ru/images/Demo_ok/000-099/922.jpg",
"https://mnemonikon.ru/images/Demo_ok/000-099/923.jpg",
"https://mnemonikon.ru/images/Demo_ok/000-099/924.jpg",
"https://mnemonikon.ru/images/Demo_ok/000-099/925.jpg",
"https://mnemonikon.ru/images/Demo_ok/000-099/926.jpg",
"https://mnemonikon.ru/images/Demo_ok/000-099/927.jpg",
"https://mnemonikon.ru/images/Demo_ok/000-099/928.jpg",
"https://mnemonikon.ru/images/Demo_ok/000-099/929.jpg",
"https://mnemonikon.ru/images/Demo_ok/000-099/930.jpg",
"https://mnemonikon.ru/images/Demo_ok/000-099/931.jpg",
"https://mnemonikon.ru/images/Demo_ok/000-099/932.jpg",
"https://mnemonikon.ru/images/Demo_ok/000-099/933.jpg",
"https://mnemonikon.ru/images/Demo_ok/000-099/934.jpg",
"https://mnemonikon.ru/images/Demo_ok/000-099/935.jpg",
"https://mnemonikon.ru/images/Demo_ok/000-099/936.jpg",
"https://mnemonikon.ru/images/Demo_ok/000-099/937.jpg",
"https://mnemonikon.ru/images/Demo_ok/000-099/938.jpg",
"https://mnemonikon.ru/images/Demo_ok/000-099/939.jpg",
"https://mnemonikon.ru/images/Demo_ok/000-099/940.jpg",
"https://mnemonikon.ru/images/Demo_ok/000-099/941.jpg",
"https://mnemonikon.ru/images/Demo_ok/000-099/942.jpg",
"https://mnemonikon.ru/images/Demo_ok/000-099/943.jpg",
"https://mnemonikon.ru/images/Demo_ok/000-099/944.jpg",
"https://mnemonikon.ru/images/Demo_ok/000-099/945.jpg",
"https://mnemonikon.ru/images/Demo_ok/000-099/946.jpg",
"https://mnemonikon.ru/images/Demo_ok/000-099/947.jpg",
"https://mnemonikon.ru/images/Demo_ok/000-099/948.jpg",
"https://mnemonikon.ru/images/Demo_ok/000-099/949.jpg",
"https://mnemonikon.ru/images/Demo_ok/000-099/950.jpg",
"https://mnemonikon.ru/images/Demo_ok/000-099/951.jpg",
"https://mnemonikon.ru/images/Demo_ok/000-099/952.jpg",
"https://mnemonikon.ru/images/Demo_ok/000-099/953.jpg",
"https://mnemonikon.ru/images/Demo_ok/000-099/954.jpg",
"https://mnemonikon.ru/images/Demo_ok/000-099/955.jpg",
"https://mnemonikon.ru/images/Demo_ok/000-099/956.jpg",
"https://mnemonikon.ru/images/Demo_ok/000-099/957.jpg",
"https://mnemonikon.ru/images/Demo_ok/000-099/958.jpg",
"https://mnemonikon.ru/images/Demo_ok/000-099/959.jpg",
"https://mnemonikon.ru/images/Demo_ok/000-099/960.jpg",
"https://mnemonikon.ru/images/Demo_ok/000-099/961.jpg",
"https://mnemonikon.ru/images/Demo_ok/000-099/962.jpg",
"https://mnemonikon.ru/images/Demo_ok/000-099/963.jpg",
"https://mnemonikon.ru/images/Demo_ok/000-099/964.jpg",
"https://mnemonikon.ru/images/Demo_ok/000-099/965.jpg",
"https://mnemonikon.ru/images/Demo_ok/000-099/966.jpg",
"https://mnemonikon.ru/images/Demo_ok/000-099/967.jpg",
"https://mnemonikon.ru/images/Demo_ok/000-099/968.jpg",
"https://mnemonikon.ru/images/Demo_ok/000-099/969.jpg",
"https://mnemonikon.ru/images/Demo_ok/000-099/970.jpg",
"https://mnemonikon.ru/images/Demo_ok/000-099/971.jpg",
"https://mnemonikon.ru/images/Demo_ok/000-099/972.jpg",
"https://mnemonikon.ru/images/Demo_ok/000-099/973.jpg",
"https://mnemonikon.ru/images/Demo_ok/000-099/974.jpg",
"https://mnemonikon.ru/images/Demo_ok/000-099/975.jpg",
"https://mnemonikon.ru/images/Demo_ok/000-099/976.jpg",
"https://mnemonikon.ru/images/Demo_ok/000-099/977.jpg",
"https://mnemonikon.ru/images/Demo_ok/000-099/978.jpg",
"https://mnemonikon.ru/images/Demo_ok/000-099/979.jpg",
"https://mnemonikon.ru/images/Demo_ok/000-099/980.jpg",
"https://mnemonikon.ru/images/Demo_ok/000-099/981.jpg",
"https://mnemonikon.ru/images/Demo_ok/000-099/982.jpg",
"https://mnemonikon.ru/images/Demo_ok/000-099/983.jpg",
"https://mnemonikon.ru/images/Demo_ok/000-099/984.jpg",
"https://mnemonikon.ru/images/Demo_ok/000-099/985.jpg",
"https://mnemonikon.ru/images/Demo_ok/000-099/986.jpg",
"https://mnemonikon.ru/images/Demo_ok/000-099/987.jpg",
"https://mnemonikon.ru/images/Demo_ok/000-099/988.jpg",
"https://mnemonikon.ru/images/Demo_ok/000-099/989.jpg",
"https://mnemonikon.ru/images/Demo_ok/000-099/990.jpg",
"https://mnemonikon.ru/images/Demo_ok/000-099/991.jpg",
"https://mnemonikon.ru/images/Demo_ok/000-099/992.jpg",
"https://mnemonikon.ru/images/Demo_ok/000-099/993.jpg",
"https://mnemonikon.ru/images/Demo_ok/000-099/994.jpg",
"https://mnemonikon.ru/images/Demo_ok/000-099/995.jpg",
"https://mnemonikon.ru/images/Demo_ok/000-099/996.jpg",
"https://mnemonikon.ru/images/Demo_ok/000-099/997.jpg",
"https://mnemonikon.ru/images/Demo_ok/000-099/998.jpg",
"https://mnemonikon.ru/images/Demo_ok/000-099/999.jpg",
]